-- Tạo cơ sở dữ liệu cho dự án Web Travel
CREATE DATABASE IF NOT EXISTS `web_travel` DEFAULT CHARACTER SET utf8mb4 COLLATE utf8mb4_unicode_ci;
USE `web_travel`;

DROP TABLE IF EXISTS `bill_detail`;
DROP TABLE IF EXISTS `bill`;
DROP TABLE IF EXISTS `binhluan`;
DROP TABLE IF EXISTS `sanpham`;
DROP TABLE IF EXISTS `danhmuc`;
DROP TABLE IF EXISTS `khachsan`;
DROP TABLE IF EXISTS `taikhoan`;
DROP TABLE IF EXISTS `diemden`;
DROP TABLE IF EXISTS `tintuc`;
DROP TABLE IF EXISTS `banner`;
DROP TABLE IF EXISTS `dichvu`;
DROP TABLE IF EXISTS `nhahang`;

-- --------------------------------------------------------
-- Cấu trúc bảng cho bảng `danhmuc`
--
CREATE TABLE IF NOT EXISTS `danhmuc` (
  `id` int(11) NOT NULL AUTO_INCREMENT,
  `name` varchar(255) NOT NULL,
  PRIMARY KEY (`id`)
) ENGINE=InnoDB DEFAULT CHARSET=utf8mb4 COLLATE=utf8mb4_unicode_ci;

-- Thêm dữ liệu cho bảng `danhmuc`
INSERT INTO `danhmuc` (`id`, `name`) VALUES
(1, 'Tour Miền Bắc'),
(2, 'Tour Miền Trung'),
(3, 'Tour Miền Nam'),
(4, 'Tour Nước Ngoài'),
(5, 'Tour Châu Á'),
(6, 'Tour Châu Âu'),
(7, 'Tour Việt Nam');

-- --------------------------------------------------------
-- Cấu trúc bảng cho bảng `sanpham`
--
CREATE TABLE IF NOT EXISTS `sanpham` (
  `id` int(11) NOT NULL AUTO_INCREMENT,
  `name` varchar(255) NOT NULL,
  `price` double NOT NULL DEFAULT 0,
  `price_sale` double DEFAULT 0,
  `image` varchar(255) NOT NULL,
  `description` text DEFAULT NULL,
  `views` int(11) NOT NULL DEFAULT 0,
  `id_danhmuc` int(11) NOT NULL,
  `duration` varchar(50) DEFAULT '3 ngày 2 đêm',
  PRIMARY KEY (`id`),
  KEY `fk_sanpham_danhmuc` (`id_danhmuc`),
  CONSTRAINT `fk_sanpham_danhmuc` FOREIGN KEY (`id_danhmuc`) REFERENCES `danhmuc` (`id`) ON DELETE CASCADE ON UPDATE CASCADE
) ENGINE=InnoDB DEFAULT CHARSET=utf8mb4 COLLATE=utf8mb4_unicode_ci;

-- Thêm dữ liệu mẫu cho bảng `sanpham`
INSERT INTO `sanpham` (`id`, `name`, `price`, `price_sale`, `image`, `description`, `views`, `id_danhmuc`, `duration`) VALUES
(1, 'Tour Hạ Long 2 Ngày 1 Đêm - Du Thuyền 5 Sao Sang Trọng', 2500000, 1990000, 'uploads/dest_halong.png', 'Trải nghiệm du thuyền 5 sao đẳng cấp tại Vịnh Hạ Long - Di sản thiên nhiên thế giới. Tour bao gồm trọn gói dịch vụ ăn uống, chèo thuyền Kayak, tham quan hang Sửng Sốt, đảo Ti Tốp và các hoạt động vui chơi giải trí trên du thuyền.', 125, 1, '2 ngày 1 đêm'),
(2, 'Tour Sapa 3 Ngày 2 Đêm - Chinh Phục Đỉnh Fansipan Hùng Vĩ', 3200000, 2790000, 'uploads/tour_sapa.png', 'Hành trình khám phá thị trấn sương mù Sapa, tham quan bản Cát Cát mộc mạc, tìm hiểu văn hóa bản địa của đồng bào H\'Mông và đặc biệt là trải nghiệm đi cáp treo chinh phục đỉnh Fansipan - nóc nhà Đông Dương huyền thoại.', 98, 1, '3 ngày 2 đêm'),
(3, 'Tour Đà Nẵng - Hội An - Bà Nà Hills 4 Ngày 3 Đêm', 4500000, 3990000, 'uploads/dest_danang.png', 'Khám phá con đường di sản Miền Trung. Chiêm ngưỡng Cầu Vàng nổi tiếng thế giới tại Bà Nà Hills, dạo bước trong khu phố cổ Hội An lung linh đèn lồng và thưởng thức ẩm thực đặc sắc của vùng đất Đà thành đáng sống.', 150, 2, '4 ngày 3 đêm'),
(4, 'Tour Nha Trang 3 Ngày 2 Đêm - Thiên Đường Biển Đảo Gọi Mời', 2900000, 2490000, 'uploads/tour_nhatrang2.png', 'Tận hưởng kỳ nghỉ tuyệt vời tại thành phố biển Nha Trang xinh đẹp. Tham quan Vinwonders, đi tàu khám phá Vịnh San Hô, tắm bùn khoáng nóng thư giãn và thưởng thức tiệc hải sản tươi ngon ngay trên bè.', 82, 2, '3 ngày 2 đêm'),
(5, 'Tour Đà Lạt 3 Ngày 3 Đêm - Thành Phố Ngàn Hoa Mộng Mơ', 2600000, 2190000, 'uploads/dest_dalat.png', 'Hành trình đến với thành phố tình yêu Đà Lạt. Khám phá các điểm check-in hot nhất hiện nay: Thung lũng Tình Yêu, đỉnh Langbiang, chùa Ve Chai kỳ vĩ và tận hưởng không khí mát lành của rừng thông nguyên sinh.', 112, 2, '3 ngày 3 đêm'),
(6, 'Tour Phú Quốc 3 Ngày 2 Đêm - Nghỉ Dưỡng Tại Đảo Ngọc', 4800000, 4200000, 'uploads/hotel_famiana.png', 'Trải nghiệm thiên đường nghỉ dưỡng Phú Quốc. Tận hưởng làn nước trong xanh tại Bãi Sao, lặn ngắm san hô tại Nam Đảo, tham quan chợ đêm và Sunset Sanato ngắm hoàng hôn buông xuống biển Tây cực đẹp.', 143, 3, '3 ngày 2 đêm'),
(7, 'Tour Miền Tây Sông Nước 2 Ngày 1 Đêm - Mỹ Tho - Bến Tre - Cần Thơ', 1800000, 1490000, 'uploads/tour_mientay1.png', 'Về miền Tây trải nghiệm đi đò chèo dưới rặng dừa nước, tham quan lò kẹo dừa Bến Tre, thưởng thức trái cây miệt vườn và đờn ca tài tử Nam Bộ. Sáng hôm sau dậy sớm đi chợ nổi Cái Răng - nét văn hóa đặc sắc của vùng sông nước.', 67, 3, '2 ngày 1 đêm'),
(8, 'Tour Thái Lan 5 Ngày 4 Đêm - Khám Phá Bangkok - Pattaya', 7500000, 6490000, 'uploads/tour_thailand.png', 'Hành trình khám phá xứ sở Chùa Vàng Thái Lan. Tham quan hoàng cung tráng lệ, các ngôi chùa cổ kính linh thiêng tại Bangkok. Vui chơi giải trí tại thành phố không ngủ Pattaya và xem show diễn Alcazar hoành tráng.', 210, 4, '5 ngày 4 đêm'),
(9, 'Tour Singapore - Malaysia 6 Ngày 5 Đêm - Điểm Hẹn Đông Nam Á', 13500000, 11990000, 'uploads/tour_singapore_hagiang.png', 'Liên tuyến hai quốc gia hiện đại bậc nhất Đông Nam Á. Chiêm ngưỡng Garden by the Bay kỳ vĩ, đảo Sentosa nhộn nhịp tại Singapore. Khám phá tòa tháp đôi Petronas kiêu hãnh và động Batu kỳ bí tại Malaysia.', 175, 4, '6 ngày 5 đêm'),
(10, 'Tour Du lịch Đài Loan 5 ngày 4 đêm', 120000, 0, 'uploads/tour_taiwan.png', 'Trải nghiệm Đài Loan hiện đại cổ kính: check-in tòa nhà tháp Taipei 101, thưởng thức trà sữa chợ đêm Sĩ Lâm, thả đèn trời Thập Phần.', 95, 4, '4 ngày 3 đêm'),
(11, 'Tour Thái Lan 4 ngày 3 đêm giá rẻ', 5500000, 0, 'uploads/tour_thailand.png', 'Hành trình khám phá Bangkok - Pattaya: tham quan chùa Phật Vàng linh thiêng, dạo thuyền sông Chao Phraya, vui chơi đảo Coral.', 142, 4, '4 ngày 3 đêm'),
(12, 'Tour du lịch Sapa 3 ngày 2 đêm', 2000000, 0, 'uploads/tour_sapa.png', 'Khám phá thị trấn sương mù Sapa, check-in đỉnh Fansipan kỳ vĩ, tham quan bản Cát Cát mộc mạc và thưởng thức đặc sản núi rừng.', 118, 1, '3 ngày 2 đêm'),
(13, 'Tour Đà Lạt 2 ngày 1 đêm', 1800000, 0, 'uploads/tour_dalat.png', 'Tận hưởng không khí se lạnh mộng mơ của Đà Lạt. Tham quan vườn hoa thành phố, đồi chè Cầu Đất, Thung lũng Tình Yêu.', 85, 2, '3 ngày 2 đêm'),
(14, 'Tour Ninh Bình 3 ngày 2 đêm', 3000000, 0, 'uploads/tour_ninhbinh.png', 'Khám phá danh thắng Tràng An - di sản văn hóa và thiên nhiên thế giới, viếng chùa Bái Đính cổ kính, chiêm ngưỡng Hang Múa hùng vĩ.', 104, 1, '3 ngày 2 đêm'),
(15, 'Tour Hà Giang 5 ngày 4 đêm', 4000000, 0, 'uploads/tour_hagiang.png', 'Hành trình khám phá Hà Giang hùng vĩ với đèo Mã Pí Lèng, sông Nho Quế, Cột cờ Lũng Cú và các cánh đồng hoa tam giác mạch tuyệt đẹp.', 167, 1, '5 ngày 4 đêm'),
(16, 'TOUR MÙ CĂNG CHẢI – SUỐI GIÀNG – TÚ LỆ – MÙA LÚA CHÍN', 6500000, 5100000, 'uploads/tour_mucangchai.png', 'Trải nghiệm mùa lúa chín vàng óng ả tại thung lũng Tú Lệ, Mù Căng Chải và ngắm đồi chè Suối Giàng cổ thụ trăm năm tuổi.', 150, 1, '3 ngày 2 đêm'),
(17, 'TOUR DU LỊCH NHẬT BẢN 6 NGÀY BAY VIETNAM AIRLINES', 2500000, 2100000, 'uploads/tour_japan.png', 'Hành trình ngắm núi Phú Sĩ kỳ vĩ soi bóng xuống hồ nước bình yên và dạo bước giữa cánh đồng hoa chi anh (shibazakura) rực rỡ sắc hồng.', 120, 5, '6 ngày 5 đêm'),
(18, 'TOUR DU LỊCH HÀ GIANG MÙA HOA TAM GIÁC MẠCH 2017 3 NGÀY 2 ĐÊM', 2500000, 2100000, 'uploads/tour_singapore_hagiang.png', 'Khám phá Hà Giang hùng vĩ với đèo Mã Pí Lèng, sông Nho Quế và ngắm những cánh đồng hoa tam giác mạch lung linh trong gió mùa đông.', 180, 7, '3 ngày 2 đêm'),
(19, 'TOUR DU LỊCH CỬU TRẠI CÂU – MÂU NI CÂU – THÀNH ĐÔ 5 NGÀY 4 ĐÊM', 12500000, 1100000, 'uploads/tour_cuutraicau.png', 'Khám phá thiên đường hạ giới Cửu Trại Câu - Mâu Ni Câu với sắc thu vàng rực rỡ soi bóng xuống làn nước hồ trong vắt. Tour trọn gói 5 ngày 4 đêm dịch vụ đẳng cấp.', 120, 5, '5 ngày 4 đêm'),
(20, 'TOUR DU LỊCH ÚC 7 NGÀY BAY VIETNAM AIRLINES', 25000000, 21000000, 'uploads/tour_australia.png', 'Hành trình khám phá nước Úc xinh đẹp 7 ngày cùng hãng hàng không quốc gia Vietnam Airlines. Trải nghiệm dịch vụ 5 sao, ngắm toàn cảnh các thành phố hiện đại và thiên nhiên kỳ vĩ.', 85, 4, '7 ngày'),
(21, 'TOUR DU LỊCH CHÂU ÂU PHÁP – THỤY SỸ – Ý – VATICAN', 25000000, 21000000, 'uploads/tour_europe.png', 'Hành trình liên tuyến Châu Âu khám phá những địa danh huyền thoại tại Pháp, Thụy Sỹ, Ý và Vatican. Tận hưởng vẻ đẹp cổ kính, lãng mạn của trời Âu.', 150, 6, '7 ngày 6 đêm'),
(22, 'TOUR DU LỊCH ĐÀI LOAN BAY VIETNAM AIRLINES', 2500000, 2100000, 'uploads/tour_taiwan_new.png', 'Khám phá hòn đảo Đài Loan xinh đẹp, tham quan các ngôi chùa linh thiêng cổ kính, tượng Phật vàng khổng lồ và thưởng thức trà sữa, ẩm thực chợ đêm đặc sắc.', 95, 5, '5 ngày 4 đêm'),
(23, 'TOUR DU LỊCH HÀN QUỐC 4 NGÀY 3 ĐÊM - KHÁM PHÁ SEOUL - ĐẢO NAMI - CÔNG VIÊN EVERLAND', 12500000, 11000000, 'uploads/tour_korea.png', 'Khám phá vẻ đẹp kỳ vĩ và những nét văn hóa đặc sắc tại Hàn Quốc. Tour bao gồm trọn gói vé máy bay khứ hồi hãng Vietnam Airlines, khách sạn tiêu chuẩn 4-5 sao, các bữa ăn đặc sản địa phương và hướng dẫn viên suốt tuyến tận tâm nhiệt tình.', 50, 4, '4 ngày 3 đêm'),
(24, 'TOUR NHẬT BẢN GIÁ RẺ TRỌN GÓI 5 NGÀY - BAY VIETJET AIR', 13000000, 0, 'uploads/tour_japan.png', 'Khám phá vẻ đẹp kỳ vĩ và những nét văn hóa đặc sắc tại Nhật Bản. Tour bao gồm trọn gói vé máy bay khứ hồi hãng Vietjet Air, khách sạn tiêu chuẩn 4-5 sao, các bữa ăn đặc sản địa phương và hướng dẫn viên suốt tuyến tận tâm nhiệt tình.', 57, 4, '5 ngày 4 đêm'),
(25, 'HÀNH TRÌNH KHÁM PHÁ XỨ SỞ DUBAI - DỊCH VỤ ĐẲNG CẤP 6 NGÀY 5 ĐÊM', 14500000, 0, 'uploads/tour_dubai.png', 'Khám phá vẻ đẹp kỳ vĩ và những nét văn hóa đặc sắc tại Dubai. Tour bao gồm trọn gói vé máy bay khứ hồi hãng Bamboo Airways, khách sạn tiêu chuẩn 4-5 sao, các bữa ăn đặc sản địa phương và hướng dẫn viên suốt tuyến tận tâm nhiệt tình.', 64, 4, '6 ngày 5 đêm'),
(26, 'COMBO TOUR NGHỈ DƯỠNG PHÁP - CHECK-IN THÁP EIFFEL - BẢO TÀNG LOUVRE - CUNG ĐIỆN VERSAILLES (4 ngày 3 đêm)', 15000000, 13500000, 'uploads/tour_paris.png', 'Khám phá vẻ đẹp kỳ vĩ và những nét văn hóa đặc sắc tại Pháp. Tour bao gồm trọn gói vé máy bay khứ hồi hãng Singapore Airlines, khách sạn tiêu chuẩn 4-5 sao, các bữa ăn đặc sản địa phương và hướng dẫn viên suốt tuyến tận tâm nhiệt tình.', 71, 4, '4 ngày 3 đêm'),
(27, 'TOUR DU LỊCH MỸ (HOA KỲ) 5 NGÀY 4 ĐÊM - KHÁM PHÁ NEW YORK - WASHINGTON DC - LOS ANGELES', 16500000, 0, 'uploads/tour_usa.png', 'Khám phá vẻ đẹp kỳ vĩ và những nét văn hóa đặc sắc tại Mỹ (Hoa Kỳ). Tour bao gồm trọn gói vé máy bay khứ hồi hãng Thai Airways, khách sạn tiêu chuẩn 4-5 sao, các bữa ăn đặc sản địa phương và hướng dẫn viên suốt tuyến tận tâm nhiệt tình.', 78, 4, '5 ngày 4 đêm'),
(28, 'TOUR TRUNG QUỐC GIÁ RẺ TRỌN GÓI 6 NGÀY - BAY KOREAN AIR', 17000000, 0, 'uploads/tour_china.png', 'Khám phá vẻ đẹp kỳ vĩ và những nét văn hóa đặc sắc tại Trung Quốc. Tour bao gồm trọn gói vé máy bay khứ hồi hãng Korean Air, khách sạn tiêu chuẩn 4-5 sao, các bữa ăn đặc sản địa phương và hướng dẫn viên suốt tuyến tận tâm nhiệt tình.', 85, 4, '6 ngày 5 đêm'),
(29, 'HÀNH TRÌNH KHÁM PHÁ XỨ SỞ SINGAPORE - DỊCH VỤ ĐẲNG CẤP 4 NGÀY 3 ĐÊM', 18500000, 17000000, 'uploads/tour_thailand.png', 'Khám phá vẻ đẹp kỳ vĩ và những nét văn hóa đặc sắc tại Singapore. Tour bao gồm trọn gói vé máy bay khứ hồi hãng Vietnam Airlines, khách sạn tiêu chuẩn 4-5 sao, các bữa ăn đặc sản địa phương và hướng dẫn viên suốt tuyến tận tâm nhiệt tình.', 92, 4, '4 ngày 3 đêm'),
(30, 'COMBO TOUR NGHỈ DƯỠNG THÁI LAN - CHECK-IN BANGKOK - PATTAYA - ĐẢO CORAL (5 ngày 4 đêm)', 19000000, 0, 'uploads/tour_thailand.png', 'Khám phá vẻ đẹp kỳ vĩ và những nét văn hóa đặc sắc tại Thái Lan. Tour bao gồm trọn gói vé máy bay khứ hồi hãng Vietjet Air, khách sạn tiêu chuẩn 4-5 sao, các bữa ăn đặc sản địa phương và hướng dẫn viên suốt tuyến tận tâm nhiệt tình.', 99, 4, '5 ngày 4 đêm'),
(31, 'TOUR DU LỊCH ÚC 6 NGÀY 5 ĐÊM - KHÁM PHÁ SYDNEY OPERA HOUSE - BLUE MOUNTAINS - MELBOURNE', 20500000, 0, 'uploads/tour_australia.png', 'Khám phá vẻ đẹp kỳ vĩ và những nét văn hóa đặc sắc tại Úc. Tour bao gồm trọn gói vé máy bay khứ hồi hãng Bamboo Airways, khách sạn tiêu chuẩn 4-5 sao, các bữa ăn đặc sản địa phương và hướng dẫn viên suốt tuyến tận tâm nhiệt tình.', 106, 4, '6 ngày 5 đêm'),
(32, 'TOUR CHÂU ÂU GIÁ RẺ TRỌN GÓI 4 NGÀY - BAY SINGAPORE AIRLINES', 21000000, 19500000, 'uploads/tour_europe.png', 'Khám phá vẻ đẹp kỳ vĩ và những nét văn hóa đặc sắc tại Châu Âu. Tour bao gồm trọn gói vé máy bay khứ hồi hãng Singapore Airlines, khách sạn tiêu chuẩn 4-5 sao, các bữa ăn đặc sản địa phương và hướng dẫn viên suốt tuyến tận tâm nhiệt tình.', 113, 4, '4 ngày 3 đêm'),
(33, 'HÀNH TRÌNH KHÁM PHÁ XỨ SỞ ĐÀI LOAN - DỊCH VỤ ĐẲNG CẤP 5 NGÀY 4 ĐÊM', 22500000, 0, 'uploads/tour_taiwan_new.png', 'Khám phá vẻ đẹp kỳ vĩ và những nét văn hóa đặc sắc tại Đài Loan. Tour bao gồm trọn gói vé máy bay khứ hồi hãng Thai Airways, khách sạn tiêu chuẩn 4-5 sao, các bữa ăn đặc sản địa phương và hướng dẫn viên suốt tuyến tận tâm nhiệt tình.', 120, 4, '5 ngày 4 đêm'),
(34, 'COMBO TOUR NGHỈ DƯỠNG CỬU TRẠI CÂU - CHECK-IN MÂU NI CÂU - THÀNH ĐÔ - LẠC SƠN ĐẠI PHẬT (6 ngày 5 đêm)', 23000000, 0, 'uploads/tour_cuutraicau.png', 'Khám phá vẻ đẹp kỳ vĩ và những nét văn hóa đặc sắc tại Cửu Trại Câu. Tour bao gồm trọn gói vé máy bay khứ hồi hãng Korean Air, khách sạn tiêu chuẩn 4-5 sao, các bữa ăn đặc sản địa phương và hướng dẫn viên suốt tuyến tận tâm nhiệt tình.', 127, 4, '6 ngày 5 đêm'),
(35, 'TOUR DU LỊCH HÀN QUỐC 4 NGÀY 3 ĐÊM - KHÁM PHÁ SEOUL - ĐẢO NAMI - CÔNG VIÊN EVERLAND', 24500000, 23000000, 'uploads/tour_korea.png', 'Khám phá vẻ đẹp kỳ vĩ và những nét văn hóa đặc sắc tại Hàn Quốc. Tour bao gồm trọn gói vé máy bay khứ hồi hãng Vietnam Airlines, khách sạn tiêu chuẩn 4-5 sao, các bữa ăn đặc sản địa phương và hướng dẫn viên suốt tuyến tận tâm nhiệt tình.', 134, 4, '4 ngày 3 đêm'),
(36, 'TOUR NHẬT BẢN GIÁ RẺ TRỌN GÓI 5 NGÀY - BAY VIETJET AIR', 25000000, 0, 'uploads/tour_japan.png', 'Khám phá vẻ đẹp kỳ vĩ và những nét văn hóa đặc sắc tại Nhật Bản. Tour bao gồm trọn gói vé máy bay khứ hồi hãng Vietjet Air, khách sạn tiêu chuẩn 4-5 sao, các bữa ăn đặc sản địa phương và hướng dẫn viên suốt tuyến tận tâm nhiệt tình.', 141, 4, '5 ngày 4 đêm'),
(37, 'HÀNH TRÌNH KHÁM PHÁ XỨ SỞ DUBAI - DỊCH VỤ ĐẲNG CẤP 6 NGÀY 5 ĐÊM', 26500000, 0, 'uploads/tour_dubai.png', 'Khám phá vẻ đẹp kỳ vĩ và những nét văn hóa đặc sắc tại Dubai. Tour bao gồm trọn gói vé máy bay khứ hồi hãng Bamboo Airways, khách sạn tiêu chuẩn 4-5 sao, các bữa ăn đặc sản địa phương và hướng dẫn viên suốt tuyến tận tâm nhiệt tình.', 148, 4, '6 ngày 5 đêm'),
(38, 'COMBO TOUR NGHỈ DƯỠNG PHÁP - CHECK-IN THÁP EIFFEL - BẢO TÀNG LOUVRE - CUNG ĐIỆN VERSAILLES (4 ngày 3 đêm)', 27000000, 25500000, 'uploads/tour_paris.png', 'Khám phá vẻ đẹp kỳ vĩ và những nét văn hóa đặc sắc tại Pháp. Tour bao gồm trọn gói vé máy bay khứ hồi hãng Singapore Airlines, khách sạn tiêu chuẩn 4-5 sao, các bữa ăn đặc sản địa phương và hướng dẫn viên suốt tuyến tận tâm nhiệt tình.', 155, 4, '4 ngày 3 đêm'),
(39, 'TOUR DU LỊCH MỸ (HOA KỲ) 5 NGÀY 4 ĐÊM - KHÁM PHÁ NEW YORK - WASHINGTON DC - LOS ANGELES', 28500000, 0, 'uploads/tour_usa.png', 'Khám phá vẻ đẹp kỳ vĩ và những nét văn hóa đặc sắc tại Mỹ (Hoa Kỳ). Tour bao gồm trọn gói vé máy bay khứ hồi hãng Thai Airways, khách sạn tiêu chuẩn 4-5 sao, các bữa ăn đặc sản địa phương và hướng dẫn viên suốt tuyến tận tâm nhiệt tình.', 162, 4, '5 ngày 4 đêm'),
(40, 'TOUR TRUNG QUỐC GIÁ RẺ TRỌN GÓI 6 NGÀY - BAY KOREAN AIR', 29000000, 0, 'uploads/tour_china.png', 'Khám phá vẻ đẹp kỳ vĩ và những nét văn hóa đặc sắc tại Trung Quốc. Tour bao gồm trọn gói vé máy bay khứ hồi hãng Korean Air, khách sạn tiêu chuẩn 4-5 sao, các bữa ăn đặc sản địa phương và hướng dẫn viên suốt tuyến tận tâm nhiệt tình.', 169, 4, '6 ngày 5 đêm'),
(41, 'HÀNH TRÌNH KHÁM PHÁ XỨ SỞ SINGAPORE - DỊCH VỤ ĐẲNG CẤP 4 NGÀY 3 ĐÊM', 30500000, 29000000, 'uploads/tour_thailand.png', 'Khám phá vẻ đẹp kỳ vĩ và những nét văn hóa đặc sắc tại Singapore. Tour bao gồm trọn gói vé máy bay khứ hồi hãng Vietnam Airlines, khách sạn tiêu chuẩn 4-5 sao, các bữa ăn đặc sản địa phương và hướng dẫn viên suốt tuyến tận tâm nhiệt tình.', 176, 4, '4 ngày 3 đêm'),
(42, 'COMBO TOUR NGHỈ DƯỠNG THÁI LAN - CHECK-IN BANGKOK - PATTAYA - ĐẢO CORAL (5 ngày 4 đêm)', 31000000, 0, 'uploads/tour_thailand.png', 'Khám phá vẻ đẹp kỳ vĩ và những nét văn hóa đặc sắc tại Thái Lan. Tour bao gồm trọn gói vé máy bay khứ hồi hãng Vietjet Air, khách sạn tiêu chuẩn 4-5 sao, các bữa ăn đặc sản địa phương và hướng dẫn viên suốt tuyến tận tâm nhiệt tình.', 183, 4, '5 ngày 4 đêm'),
(43, 'TOUR DU LỊCH ÚC 6 NGÀY 5 ĐÊM - KHÁM PHÁ SYDNEY OPERA HOUSE - BLUE MOUNTAINS - MELBOURNE', 32500000, 0, 'uploads/tour_australia.png', 'Khám phá vẻ đẹp kỳ vĩ và những nét văn hóa đặc sắc tại Úc. Tour bao gồm trọn gói vé máy bay khứ hồi hãng Bamboo Airways, khách sạn tiêu chuẩn 4-5 sao, các bữa ăn đặc sản địa phương và hướng dẫn viên suốt tuyến tận tâm nhiệt tình.', 190, 4, '6 ngày 5 đêm'),
(44, 'TOUR CHÂU ÂU GIÁ RẺ TRỌN GÓI 4 NGÀY - BAY SINGAPORE AIRLINES', 33000000, 31500000, 'uploads/tour_europe.png', 'Khám phá vẻ đẹp kỳ vĩ và những nét văn hóa đặc sắc tại Châu Âu. Tour bao gồm trọn gói vé máy bay khứ hồi hãng Singapore Airlines, khách sạn tiêu chuẩn 4-5 sao, các bữa ăn đặc sản địa phương và hướng dẫn viên suốt tuyến tận tâm nhiệt tình.', 197, 4, '4 ngày 3 đêm'),
(45, 'HÀNH TRÌNH KHÁM PHÁ XỨ SỞ ĐÀI LOAN - DỊCH VỤ ĐẲNG CẤP 5 NGÀY 4 ĐÊM', 34500000, 0, 'uploads/tour_taiwan_new.png', 'Khám phá vẻ đẹp kỳ vĩ và những nét văn hóa đặc sắc tại Đài Loan. Tour bao gồm trọn gói vé máy bay khứ hồi hãng Thai Airways, khách sạn tiêu chuẩn 4-5 sao, các bữa ăn đặc sản địa phương và hướng dẫn viên suốt tuyến tận tâm nhiệt tình.', 204, 4, '5 ngày 4 đêm'),
(46, 'COMBO TOUR NGHỈ DƯỠNG CỬU TRẠI CÂU - CHECK-IN MÂU NI CÂU - THÀNH ĐÔ - LẠC SƠN ĐẠI PHẬT (6 ngày 5 đêm)', 35000000, 0, 'uploads/tour_cuutraicau.png', 'Khám phá vẻ đẹp kỳ vĩ và những nét văn hóa đặc sắc tại Cửu Trại Câu. Tour bao gồm trọn gói vé máy bay khứ hồi hãng Korean Air, khách sạn tiêu chuẩn 4-5 sao, các bữa ăn đặc sản địa phương và hướng dẫn viên suốt tuyến tận tâm nhiệt tình.', 211, 4, '6 ngày 5 đêm'),
(47, 'TOUR DU LỊCH HÀN QUỐC 4 NGÀY 3 ĐÊM - KHÁM PHÁ SEOUL - ĐẢO NAMI - CÔNG VIÊN EVERLAND', 36500000, 35000000, 'uploads/tour_korea.png', 'Khám phá vẻ đẹp kỳ vĩ và những nét văn hóa đặc sắc tại Hàn Quốc. Tour bao gồm trọn gói vé máy bay khứ hồi hãng Vietnam Airlines, khách sạn tiêu chuẩn 4-5 sao, các bữa ăn đặc sản địa phương và hướng dẫn viên suốt tuyến tận tâm nhiệt tình.', 218, 4, '4 ngày 3 đêm'),
(48, 'TOUR NHẬT BẢN GIÁ RẺ TRỌN GÓI 5 NGÀY - BAY VIETJET AIR', 12000000, 0, 'uploads/tour_japan.png', 'Khám phá vẻ đẹp kỳ vĩ và những nét văn hóa đặc sắc tại Nhật Bản. Tour bao gồm trọn gói vé máy bay khứ hồi hãng Vietjet Air, khách sạn tiêu chuẩn 4-5 sao, các bữa ăn đặc sản địa phương và hướng dẫn viên suốt tuyến tận tâm nhiệt tình.', 225, 4, '5 ngày 4 đêm'),
(49, 'HÀNH TRÌNH KHÁM PHÁ XỨ SỞ DUBAI - DỊCH VỤ ĐẲNG CẤP 6 NGÀY 5 ĐÊM', 13500000, 0, 'uploads/tour_dubai.png', 'Khám phá vẻ đẹp kỳ vĩ và những nét văn hóa đặc sắc tại Dubai. Tour bao gồm trọn gói vé máy bay khứ hồi hãng Bamboo Airways, khách sạn tiêu chuẩn 4-5 sao, các bữa ăn đặc sản địa phương và hướng dẫn viên suốt tuyến tận tâm nhiệt tình.', 232, 4, '6 ngày 5 đêm'),
(50, 'COMBO TOUR NGHỈ DƯỠNG PHÁP - CHECK-IN THÁP EIFFEL - BẢO TÀNG LOUVRE - CUNG ĐIỆN VERSAILLES (4 ngày 3 đêm)', 14000000, 12500000, 'uploads/tour_paris.png', 'Khám phá vẻ đẹp kỳ vĩ và những nét văn hóa đặc sắc tại Pháp. Tour bao gồm trọn gói vé máy bay khứ hồi hãng Singapore Airlines, khách sạn tiêu chuẩn 4-5 sao, các bữa ăn đặc sản địa phương và hướng dẫn viên suốt tuyến tận tâm nhiệt tình.', 239, 4, '4 ngày 3 đêm'),
(51, 'TOUR DU LỊCH MỸ (HOA KỲ) 5 NGÀY 4 ĐÊM - KHÁM PHÁ NEW YORK - WASHINGTON DC - LOS ANGELES', 15500000, 0, 'uploads/tour_usa.png', 'Khám phá vẻ đẹp kỳ vĩ và những nét văn hóa đặc sắc tại Mỹ (Hoa Kỳ). Tour bao gồm trọn gói vé máy bay khứ hồi hãng Thai Airways, khách sạn tiêu chuẩn 4-5 sao, các bữa ăn đặc sản địa phương và hướng dẫn viên suốt tuyến tận tâm nhiệt tình.', 246, 4, '5 ngày 4 đêm'),
(52, 'TOUR TRUNG QUỐC GIÁ RẺ TRỌN GÓI 6 NGÀY - BAY KOREAN AIR', 16000000, 0, 'uploads/tour_china.png', 'Khám phá vẻ đẹp kỳ vĩ và những nét văn hóa đặc sắc tại Trung Quốc. Tour bao gồm trọn gói vé máy bay khứ hồi hãng Korean Air, khách sạn tiêu chuẩn 4-5 sao, các bữa ăn đặc sản địa phương và hướng dẫn viên suốt tuyến tận tâm nhiệt tình.', 253, 4, '6 ngày 5 đêm'),
(53, 'HÀNH TRÌNH KHÁM PHÁ XỨ SỞ SINGAPORE - DỊCH VỤ ĐẲNG CẤP 4 NGÀY 3 ĐÊM', 17500000, 16000000, 'uploads/tour_thailand.png', 'Khám phá vẻ đẹp kỳ vĩ và những nét văn hóa đặc sắc tại Singapore. Tour bao gồm trọn gói vé máy bay khứ hồi hãng Vietnam Airlines, khách sạn tiêu chuẩn 4-5 sao, các bữa ăn đặc sản địa phương và hướng dẫn viên suốt tuyến tận tâm nhiệt tình.', 260, 4, '4 ngày 3 đêm'),
(54, 'COMBO TOUR NGHỈ DƯỠNG THÁI LAN - CHECK-IN BANGKOK - PATTAYA - ĐẢO CORAL (5 ngày 4 đêm)', 18000000, 0, 'uploads/tour_thailand.png', 'Khám phá vẻ đẹp kỳ vĩ và những nét văn hóa đặc sắc tại Thái Lan. Tour bao gồm trọn gói vé máy bay khứ hồi hãng Vietjet Air, khách sạn tiêu chuẩn 4-5 sao, các bữa ăn đặc sản địa phương và hướng dẫn viên suốt tuyến tận tâm nhiệt tình.', 267, 4, '5 ngày 4 đêm'),
(55, 'TOUR DU LỊCH ÚC 6 NGÀY 5 ĐÊM - KHÁM PHÁ SYDNEY OPERA HOUSE - BLUE MOUNTAINS - MELBOURNE', 19500000, 0, 'uploads/tour_australia.png', 'Khám phá vẻ đẹp kỳ vĩ và những nét văn hóa đặc sắc tại Úc. Tour bao gồm trọn gói vé máy bay khứ hồi hãng Bamboo Airways, khách sạn tiêu chuẩn 4-5 sao, các bữa ăn đặc sản địa phương và hướng dẫn viên suốt tuyến tận tâm nhiệt tình.', 274, 4, '6 ngày 5 đêm'),
(56, 'TOUR CHÂU ÂU GIÁ RẺ TRỌN GÓI 4 NGÀY - BAY SINGAPORE AIRLINES', 20000000, 18500000, 'uploads/tour_europe.png', 'Khám phá vẻ đẹp kỳ vĩ và những nét văn hóa đặc sắc tại Châu Âu. Tour bao gồm trọn gói vé máy bay khứ hồi hãng Singapore Airlines, khách sạn tiêu chuẩn 4-5 sao, các bữa ăn đặc sản địa phương và hướng dẫn viên suốt tuyến tận tâm nhiệt tình.', 281, 4, '4 ngày 3 đêm'),
(57, 'HÀNH TRÌNH KHÁM PHÁ XỨ SỞ ĐÀI LOAN - DỊCH VỤ ĐẲNG CẤP 5 NGÀY 4 ĐÊM', 21500000, 0, 'uploads/tour_taiwan_new.png', 'Khám phá vẻ đẹp kỳ vĩ và những nét văn hóa đặc sắc tại Đài Loan. Tour bao gồm trọn gói vé máy bay khứ hồi hãng Thai Airways, khách sạn tiêu chuẩn 4-5 sao, các bữa ăn đặc sản địa phương và hướng dẫn viên suốt tuyến tận tâm nhiệt tình.', 288, 4, '5 ngày 4 đêm'),
(58, 'COMBO TOUR NGHỈ DƯỠNG CỬU TRẠI CÂU - CHECK-IN MÂU NI CÂU - THÀNH ĐÔ - LẠC SƠN ĐẠI PHẬT (6 ngày 5 đêm)', 22000000, 0, 'uploads/tour_cuutraicau.png', 'Khám phá vẻ đẹp kỳ vĩ và những nét văn hóa đặc sắc tại Cửu Trại Câu. Tour bao gồm trọn gói vé máy bay khứ hồi hãng Korean Air, khách sạn tiêu chuẩn 4-5 sao, các bữa ăn đặc sản địa phương và hướng dẫn viên suốt tuyến tận tâm nhiệt tình.', 295, 4, '6 ngày 5 đêm'),
(59, 'TOUR DU LỊCH HÀN QUỐC 4 NGÀY 3 ĐÊM - KHÁM PHÁ SEOUL - ĐẢO NAMI - CÔNG VIÊN EVERLAND', 23500000, 22000000, 'uploads/tour_korea.png', 'Khám phá vẻ đẹp kỳ vĩ và những nét văn hóa đặc sắc tại Hàn Quốc. Tour bao gồm trọn gói vé máy bay khứ hồi hãng Vietnam Airlines, khách sạn tiêu chuẩn 4-5 sao, các bữa ăn đặc sản địa phương và hướng dẫn viên suốt tuyến tận tâm nhiệt tình.', 302, 4, '4 ngày 3 đêm'),
(60, 'TOUR NHẬT BẢN GIÁ RẺ TRỌN GÓI 5 NGÀY - BAY VIETJET AIR', 24000000, 0, 'uploads/tour_japan.png', 'Khám phá vẻ đẹp kỳ vĩ và những nét văn hóa đặc sắc tại Nhật Bản. Tour bao gồm trọn gói vé máy bay khứ hồi hãng Vietjet Air, khách sạn tiêu chuẩn 4-5 sao, các bữa ăn đặc sản địa phương và hướng dẫn viên suốt tuyến tận tâm nhiệt tình.', 309, 4, '5 ngày 4 đêm'),
(61, 'HÀNH TRÌNH KHÁM PHÁ XỨ SỞ DUBAI - DỊCH VỤ ĐẲNG CẤP 6 NGÀY 5 ĐÊM', 25500000, 0, 'uploads/tour_dubai.png', 'Khám phá vẻ đẹp kỳ vĩ và những nét văn hóa đặc sắc tại Dubai. Tour bao gồm trọn gói vé máy bay khứ hồi hãng Bamboo Airways, khách sạn tiêu chuẩn 4-5 sao, các bữa ăn đặc sản địa phương và hướng dẫn viên suốt tuyến tận tâm nhiệt tình.', 316, 4, '6 ngày 5 đêm'),
(62, 'COMBO TOUR NGHỈ DƯỠNG PHÁP - CHECK-IN THÁP EIFFEL - BẢO TÀNG LOUVRE - CUNG ĐIỆN VERSAILLES (4 ngày 3 đêm)', 26000000, 24500000, 'uploads/tour_paris.png', 'Khám phá vẻ đẹp kỳ vĩ và những nét văn hóa đặc sắc tại Pháp. Tour bao gồm trọn gói vé máy bay khứ hồi hãng Singapore Airlines, khách sạn tiêu chuẩn 4-5 sao, các bữa ăn đặc sản địa phương và hướng dẫn viên suốt tuyến tận tâm nhiệt tình.', 323, 4, '4 ngày 3 đêm'),
(63, 'TOUR DU LỊCH MỸ (HOA KỲ) 5 NGÀY 4 ĐÊM - KHÁM PHÁ NEW YORK - WASHINGTON DC - LOS ANGELES', 27500000, 0, 'uploads/tour_usa.png', 'Khám phá vẻ đẹp kỳ vĩ và những nét văn hóa đặc sắc tại Mỹ (Hoa Kỳ). Tour bao gồm trọn gói vé máy bay khứ hồi hãng Thai Airways, khách sạn tiêu chuẩn 4-5 sao, các bữa ăn đặc sản địa phương và hướng dẫn viên suốt tuyến tận tâm nhiệt tình.', 330, 4, '5 ngày 4 đêm'),
(64, 'TOUR TRUNG QUỐC GIÁ RẺ TRỌN GÓI 6 NGÀY - BAY KOREAN AIR', 28000000, 0, 'uploads/tour_china.png', 'Khám phá vẻ đẹp kỳ vĩ và những nét văn hóa đặc sắc tại Trung Quốc. Tour bao gồm trọn gói vé máy bay khứ hồi hãng Korean Air, khách sạn tiêu chuẩn 4-5 sao, các bữa ăn đặc sản địa phương và hướng dẫn viên suốt tuyến tận tâm nhiệt tình.', 337, 4, '6 ngày 5 đêm'),
(65, 'HÀNH TRÌNH KHÁM PHÁ XỨ SỞ SINGAPORE - DỊCH VỤ ĐẲNG CẤP 4 NGÀY 3 ĐÊM', 29500000, 28000000, 'uploads/tour_thailand.png', 'Khám phá vẻ đẹp kỳ vĩ và những nét văn hóa đặc sắc tại Singapore. Tour bao gồm trọn gói vé máy bay khứ hồi hãng Vietnam Airlines, khách sạn tiêu chuẩn 4-5 sao, các bữa ăn đặc sản địa phương và hướng dẫn viên suốt tuyến tận tâm nhiệt tình.', 344, 4, '4 ngày 3 đêm'),
(66, 'COMBO TOUR NGHỈ DƯỠNG THÁI LAN - CHECK-IN BANGKOK - PATTAYA - ĐẢO CORAL (5 ngày 4 đêm)', 30000000, 0, 'uploads/tour_thailand.png', 'Khám phá vẻ đẹp kỳ vĩ và những nét văn hóa đặc sắc tại Thái Lan. Tour bao gồm trọn gói vé máy bay khứ hồi hãng Vietjet Air, khách sạn tiêu chuẩn 4-5 sao, các bữa ăn đặc sản địa phương và hướng dẫn viên suốt tuyến tận tâm nhiệt tình.', 51, 4, '5 ngày 4 đêm'),
(67, 'TOUR DU LỊCH ÚC 6 NGÀY 5 ĐÊM - KHÁM PHÁ SYDNEY OPERA HOUSE - BLUE MOUNTAINS - MELBOURNE', 31500000, 0, 'uploads/tour_australia.png', 'Khám phá vẻ đẹp kỳ vĩ và những nét văn hóa đặc sắc tại Úc. Tour bao gồm trọn gói vé máy bay khứ hồi hãng Bamboo Airways, khách sạn tiêu chuẩn 4-5 sao, các bữa ăn đặc sản địa phương và hướng dẫn viên suốt tuyến tận tâm nhiệt tình.', 58, 4, '6 ngày 5 đêm'),
(68, 'TOUR CHÂU ÂU GIÁ RẺ TRỌN GÓI 4 NGÀY - BAY SINGAPORE AIRLINES', 32000000, 30500000, 'uploads/tour_europe.png', 'Khám phá vẻ đẹp kỳ vĩ và những nét văn hóa đặc sắc tại Châu Âu. Tour bao gồm trọn gói vé máy bay khứ hồi hãng Singapore Airlines, khách sạn tiêu chuẩn 4-5 sao, các bữa ăn đặc sản địa phương và hướng dẫn viên suốt tuyến tận tâm nhiệt tình.', 65, 4, '4 ngày 3 đêm'),
(69, 'HÀNH TRÌNH KHÁM PHÁ XỨ SỞ ĐÀI LOAN - DỊCH VỤ ĐẲNG CẤP 5 NGÀY 4 ĐÊM', 33500000, 0, 'uploads/tour_taiwan_new.png', 'Khám phá vẻ đẹp kỳ vĩ và những nét văn hóa đặc sắc tại Đài Loan. Tour bao gồm trọn gói vé máy bay khứ hồi hãng Thai Airways, khách sạn tiêu chuẩn 4-5 sao, các bữa ăn đặc sản địa phương và hướng dẫn viên suốt tuyến tận tâm nhiệt tình.', 72, 4, '5 ngày 4 đêm'),
(70, 'COMBO TOUR NGHỈ DƯỠNG CỬU TRẠI CÂU - CHECK-IN MÂU NI CÂU - THÀNH ĐÔ - LẠC SƠN ĐẠI PHẬT (6 ngày 5 đêm)', 34000000, 0, 'uploads/tour_cuutraicau.png', 'Khám phá vẻ đẹp kỳ vĩ và những nét văn hóa đặc sắc tại Cửu Trại Câu. Tour bao gồm trọn gói vé máy bay khứ hồi hãng Korean Air, khách sạn tiêu chuẩn 4-5 sao, các bữa ăn đặc sản địa phương và hướng dẫn viên suốt tuyến tận tâm nhiệt tình.', 79, 4, '6 ngày 5 đêm'),
(71, 'TOUR DU LỊCH HÀN QUỐC 4 NGÀY 3 ĐÊM - KHÁM PHÁ SEOUL - ĐẢO NAMI - CÔNG VIÊN EVERLAND', 35500000, 34000000, 'uploads/tour_korea.png', 'Khám phá vẻ đẹp kỳ vĩ và những nét văn hóa đặc sắc tại Hàn Quốc. Tour bao gồm trọn gói vé máy bay khứ hồi hãng Vietnam Airlines, khách sạn tiêu chuẩn 4-5 sao, các bữa ăn đặc sản địa phương và hướng dẫn viên suốt tuyến tận tâm nhiệt tình.', 86, 4, '4 ngày 3 đêm'),
(72, 'TOUR NHẬT BẢN GIÁ RẺ TRỌN GÓI 5 NGÀY - BAY VIETJET AIR', 36000000, 0, 'uploads/tour_japan.png', 'Khám phá vẻ đẹp kỳ vĩ và những nét văn hóa đặc sắc tại Nhật Bản. Tour bao gồm trọn gói vé máy bay khứ hồi hãng Vietjet Air, khách sạn tiêu chuẩn 4-5 sao, các bữa ăn đặc sản địa phương và hướng dẫn viên suốt tuyến tận tâm nhiệt tình.', 93, 4, '5 ngày 4 đêm'),
(73, 'HÀNH TRÌNH KHÁM PHÁ XỨ SỞ DUBAI - DỊCH VỤ ĐẲNG CẤP 6 NGÀY 5 ĐÊM', 12500000, 0, 'uploads/tour_dubai.png', 'Khám phá vẻ đẹp kỳ vĩ và những nét văn hóa đặc sắc tại Dubai. Tour bao gồm trọn gói vé máy bay khứ hồi hãng Bamboo Airways, khách sạn tiêu chuẩn 4-5 sao, các bữa ăn đặc sản địa phương và hướng dẫn viên suốt tuyến tận tâm nhiệt tình.', 100, 4, '6 ngày 5 đêm'),
(74, 'COMBO TOUR NGHỈ DƯỠNG PHÁP - CHECK-IN THÁP EIFFEL - BẢO TÀNG LOUVRE - CUNG ĐIỆN VERSAILLES (4 ngày 3 đêm)', 13000000, 11500000, 'uploads/tour_paris.png', 'Khám phá vẻ đẹp kỳ vĩ và những nét văn hóa đặc sắc tại Pháp. Tour bao gồm trọn gói vé máy bay khứ hồi hãng Singapore Airlines, khách sạn tiêu chuẩn 4-5 sao, các bữa ăn đặc sản địa phương và hướng dẫn viên suốt tuyến tận tâm nhiệt tình.', 107, 4, '4 ngày 3 đêm'),
(75, 'TOUR DU LỊCH MỸ (HOA KỲ) 5 NGÀY 4 ĐÊM - KHÁM PHÁ NEW YORK - WASHINGTON DC - LOS ANGELES', 14500000, 0, 'uploads/tour_usa.png', 'Khám phá vẻ đẹp kỳ vĩ và những nét văn hóa đặc sắc tại Mỹ (Hoa Kỳ). Tour bao gồm trọn gói vé máy bay khứ hồi hãng Thai Airways, khách sạn tiêu chuẩn 4-5 sao, các bữa ăn đặc sản địa phương và hướng dẫn viên suốt tuyến tận tâm nhiệt tình.', 114, 4, '5 ngày 4 đêm'),
(76, 'TOUR TRUNG QUỐC GIÁ RẺ TRỌN GÓI 6 NGÀY - BAY KOREAN AIR', 15000000, 0, 'uploads/tour_china.png', 'Khám phá vẻ đẹp kỳ vĩ và những nét văn hóa đặc sắc tại Trung Quốc. Tour bao gồm trọn gói vé máy bay khứ hồi hãng Korean Air, khách sạn tiêu chuẩn 4-5 sao, các bữa ăn đặc sản địa phương và hướng dẫn viên suốt tuyến tận tâm nhiệt tình.', 121, 4, '6 ngày 5 đêm'),
(77, 'HÀNH TRÌNH KHÁM PHÁ XỨ SỞ SINGAPORE - DỊCH VỤ ĐẲNG CẤP 4 NGÀY 3 ĐÊM', 16500000, 15000000, 'uploads/tour_thailand.png', 'Khám phá vẻ đẹp kỳ vĩ và những nét văn hóa đặc sắc tại Singapore. Tour bao gồm trọn gói vé máy bay khứ hồi hãng Vietnam Airlines, khách sạn tiêu chuẩn 4-5 sao, các bữa ăn đặc sản địa phương và hướng dẫn viên suốt tuyến tận tâm nhiệt tình.', 128, 4, '4 ngày 3 đêm'),
(78, 'COMBO TOUR NGHỈ DƯỠNG THÁI LAN - CHECK-IN BANGKOK - PATTAYA - ĐẢO CORAL (5 ngày 4 đêm)', 17000000, 0, 'uploads/tour_thailand.png', 'Khám phá vẻ đẹp kỳ vĩ và những nét văn hóa đặc sắc tại Thái Lan. Tour bao gồm trọn gói vé máy bay khứ hồi hãng Vietjet Air, khách sạn tiêu chuẩn 4-5 sao, các bữa ăn đặc sản địa phương và hướng dẫn viên suốt tuyến tận tâm nhiệt tình.', 135, 4, '5 ngày 4 đêm'),
(79, 'TOUR DU LỊCH ÚC 6 NGÀY 5 ĐÊM - KHÁM PHÁ SYDNEY OPERA HOUSE - BLUE MOUNTAINS - MELBOURNE', 18500000, 0, 'uploads/tour_australia.png', 'Khám phá vẻ đẹp kỳ vĩ và những nét văn hóa đặc sắc tại Úc. Tour bao gồm trọn gói vé máy bay khứ hồi hãng Bamboo Airways, khách sạn tiêu chuẩn 4-5 sao, các bữa ăn đặc sản địa phương và hướng dẫn viên suốt tuyến tận tâm nhiệt tình.', 142, 4, '6 ngày 5 đêm'),
(80, 'TOUR CHÂU ÂU GIÁ RẺ TRỌN GÓI 4 NGÀY - BAY SINGAPORE AIRLINES', 19000000, 17500000, 'uploads/tour_europe.png', 'Khám phá vẻ đẹp kỳ vĩ và những nét văn hóa đặc sắc tại Châu Âu. Tour bao gồm trọn gói vé máy bay khứ hồi hãng Singapore Airlines, khách sạn tiêu chuẩn 4-5 sao, các bữa ăn đặc sản địa phương và hướng dẫn viên suốt tuyến tận tâm nhiệt tình.', 149, 4, '4 ngày 3 đêm'),
(81, 'HÀNH TRÌNH KHÁM PHÁ XỨ SỞ ĐÀI LOAN - DỊCH VỤ ĐẲNG CẤP 5 NGÀY 4 ĐÊM', 20500000, 0, 'uploads/tour_taiwan_new.png', 'Khám phá vẻ đẹp kỳ vĩ và những nét văn hóa đặc sắc tại Đài Loan. Tour bao gồm trọn gói vé máy bay khứ hồi hãng Thai Airways, khách sạn tiêu chuẩn 4-5 sao, các bữa ăn đặc sản địa phương và hướng dẫn viên suốt tuyến tận tâm nhiệt tình.', 156, 4, '5 ngày 4 đêm'),
(82, 'COMBO TOUR NGHỈ DƯỠNG CỬU TRẠI CÂU - CHECK-IN MÂU NI CÂU - THÀNH ĐÔ - LẠC SƠN ĐẠI PHẬT (6 ngày 5 đêm)', 21000000, 0, 'uploads/tour_cuutraicau.png', 'Khám phá vẻ đẹp kỳ vĩ và những nét văn hóa đặc sắc tại Cửu Trại Câu. Tour bao gồm trọn gói vé máy bay khứ hồi hãng Korean Air, khách sạn tiêu chuẩn 4-5 sao, các bữa ăn đặc sản địa phương và hướng dẫn viên suốt tuyến tận tâm nhiệt tình.', 163, 4, '6 ngày 5 đêm'),
(83, 'TOUR DU LỊCH HÀN QUỐC 4 NGÀY 3 ĐÊM - KHÁM PHÁ SEOUL - ĐẢO NAMI - CÔNG VIÊN EVERLAND', 22500000, 21000000, 'uploads/tour_korea.png', 'Khám phá vẻ đẹp kỳ vĩ và những nét văn hóa đặc sắc tại Hàn Quốc. Tour bao gồm trọn gói vé máy bay khứ hồi hãng Vietnam Airlines, khách sạn tiêu chuẩn 4-5 sao, các bữa ăn đặc sản địa phương và hướng dẫn viên suốt tuyến tận tâm nhiệt tình.', 170, 4, '4 ngày 3 đêm'),
(84, 'TOUR NHẬT BẢN GIÁ RẺ TRỌN GÓI 5 NGÀY - BAY VIETJET AIR', 23000000, 0, 'uploads/tour_japan.png', 'Khám phá vẻ đẹp kỳ vĩ và những nét văn hóa đặc sắc tại Nhật Bản. Tour bao gồm trọn gói vé máy bay khứ hồi hãng Vietjet Air, khách sạn tiêu chuẩn 4-5 sao, các bữa ăn đặc sản địa phương và hướng dẫn viên suốt tuyến tận tâm nhiệt tình.', 177, 4, '5 ngày 4 đêm'),
(85, 'HÀNH TRÌNH KHÁM PHÁ XỨ SỞ DUBAI - DỊCH VỤ ĐẲNG CẤP 6 NGÀY 5 ĐÊM', 24500000, 0, 'uploads/tour_dubai.png', 'Khám phá vẻ đẹp kỳ vĩ và những nét văn hóa đặc sắc tại Dubai. Tour bao gồm trọn gói vé máy bay khứ hồi hãng Bamboo Airways, khách sạn tiêu chuẩn 4-5 sao, các bữa ăn đặc sản địa phương và hướng dẫn viên suốt tuyến tận tâm nhiệt tình.', 184, 4, '6 ngày 5 đêm'),
(86, 'COMBO TOUR NGHỈ DƯỠNG PHÁP - CHECK-IN THÁP EIFFEL - BẢO TÀNG LOUVRE - CUNG ĐIỆN VERSAILLES (4 ngày 3 đêm)', 25000000, 23500000, 'uploads/tour_paris.png', 'Khám phá vẻ đẹp kỳ vĩ và những nét văn hóa đặc sắc tại Pháp. Tour bao gồm trọn gói vé máy bay khứ hồi hãng Singapore Airlines, khách sạn tiêu chuẩn 4-5 sao, các bữa ăn đặc sản địa phương và hướng dẫn viên suốt tuyến tận tâm nhiệt tình.', 191, 4, '4 ngày 3 đêm'),
(87, 'TOUR DU LỊCH MỸ (HOA KỲ) 5 NGÀY 4 ĐÊM - KHÁM PHÁ NEW YORK - WASHINGTON DC - LOS ANGELES', 26500000, 0, 'uploads/tour_usa.png', 'Khám phá vẻ đẹp kỳ vĩ và những nét văn hóa đặc sắc tại Mỹ (Hoa Kỳ). Tour bao gồm trọn gói vé máy bay khứ hồi hãng Thai Airways, khách sạn tiêu chuẩn 4-5 sao, các bữa ăn đặc sản địa phương và hướng dẫn viên suốt tuyến tận tâm nhiệt tình.', 198, 4, '5 ngày 4 đêm'),
(88, 'TOUR TRUNG QUỐC GIÁ RẺ TRỌN GÓI 6 NGÀY - BAY KOREAN AIR', 27000000, 0, 'uploads/tour_china.png', 'Khám phá vẻ đẹp kỳ vĩ và những nét văn hóa đặc sắc tại Trung Quốc. Tour bao gồm trọn gói vé máy bay khứ hồi hãng Korean Air, khách sạn tiêu chuẩn 4-5 sao, các bữa ăn đặc sản địa phương và hướng dẫn viên suốt tuyến tận tâm nhiệt tình.', 205, 4, '6 ngày 5 đêm'),
(89, 'HÀNH TRÌNH KHÁM PHÁ XỨ SỞ SINGAPORE - DỊCH VỤ ĐẲNG CẤP 4 NGÀY 3 ĐÊM', 28500000, 27000000, 'uploads/tour_thailand.png', 'Khám phá vẻ đẹp kỳ vĩ và những nét văn hóa đặc sắc tại Singapore. Tour bao gồm trọn gói vé máy bay khứ hồi hãng Vietnam Airlines, khách sạn tiêu chuẩn 4-5 sao, các bữa ăn đặc sản địa phương và hướng dẫn viên suốt tuyến tận tâm nhiệt tình.', 212, 4, '4 ngày 3 đêm'),
(90, 'COMBO TOUR NGHỈ DƯỠNG THÁI LAN - CHECK-IN BANGKOK - PATTAYA - ĐẢO CORAL (5 ngày 4 đêm)', 29000000, 0, 'uploads/tour_thailand.png', 'Khám phá vẻ đẹp kỳ vĩ và những nét văn hóa đặc sắc tại Thái Lan. Tour bao gồm trọn gói vé máy bay khứ hồi hãng Vietjet Air, khách sạn tiêu chuẩn 4-5 sao, các bữa ăn đặc sản địa phương và hướng dẫn viên suốt tuyến tận tâm nhiệt tình.', 219, 4, '5 ngày 4 đêm'),
(91, 'TOUR DU LỊCH ÚC 6 NGÀY 5 ĐÊM - KHÁM PHÁ SYDNEY OPERA HOUSE - BLUE MOUNTAINS - MELBOURNE', 30500000, 0, 'uploads/tour_australia.png', 'Khám phá vẻ đẹp kỳ vĩ và những nét văn hóa đặc sắc tại Úc. Tour bao gồm trọn gói vé máy bay khứ hồi hãng Bamboo Airways, khách sạn tiêu chuẩn 4-5 sao, các bữa ăn đặc sản địa phương và hướng dẫn viên suốt tuyến tận tâm nhiệt tình.', 226, 4, '6 ngày 5 đêm'),
(92, 'Tour du lịch châu âu: đức – hà lan – bỉ - luxembourg pháp', 68900000, 60900000, 'uploads/tour_europe1.png', 'Khám phá vẻ đẹp cổ kính của các thành phố hàng đầu Châu Âu: Cologne (Đức), Amsterdam (Hà Lan), Brussels (Bỉ) và Paris (Pháp). Tour trọn gói cao cấp.', 150, 6, '8N7Đ'),
(93, 'Tour châu âu: ý - vatican - thụy sỹ - pháp', 99900000, 89900000, 'uploads/tour_europe2.png', 'Hành trình di sản đi qua tháp nghiêng Pisa, tòa thánh Vatican kiêu sa, dãy Alps Thụy Sỹ phủ đầy tuyết và thủ đô ánh sáng Paris lãng mạn.', 180, 6, '13N12Đ'),
(94, 'Tour châu âu: thổ nhĩ kỳ 10 ngày 9 đêm', 37900000, 35900000, 'uploads/tour_europe3.png', 'Khám phá xứ sở thảm bay kỳ diệu Thổ Nhĩ Kỳ. Tham quan thánh đường xanh Blue Mosque, bay khinh khí cầu ngắm thung lũng Cappadocia hùng vĩ.', 140, 6, '10N9Đ'),
(95, 'Tour du lịch châu âu: đức - pháp - thụy sỹ - ý', 75900000, 69900000, 'uploads/tour_europe4.png', 'Liên tuyến 4 quốc gia trung tâm Châu Âu. Chiêm ngưỡng tháp Eiffel, chinh phục núi tuyết Titlis và dạo thuyền lãng mạn tại Venice.', 160, 6, '11N10Đ'),
(96, 'Tour châu âu du lịch: đức - áo - ý - thụy sỹ', 75900000, 71900000, 'uploads/tour_europe5.png', 'Hành trình tuyệt mỹ đi qua các thành phố âm nhạc và cổ tích. Khám phá vẻ đẹp yên bình của Hallstatt và thị trấn Lucerne quyến rũ.', 130, 6, '11N10Đ'),
(97, 'Tour châu âu 5 nước: pháp - bỉ - hà lan - đức - luxembourg', 65900000, 61900000, 'uploads/tour_europe6.png', 'Khám phá trái tim Châu Âu qua 5 quốc gia phát triển bậc nhất. Tham quan cung điện Versailles, Grand Place Brussels và làng cổ Giethoorn.', 195, 6, '10N9Đ'),
(98, 'Tour du lịch châu âu: pháp - bỉ - hà lan', 59900000, 57900000, 'uploads/tour_europe7.png', 'Tour ngắn ngày lý tưởng khám phá Tây Âu cổ kính. Đi thuyền trên kênh đào Amsterdam, check-in tượng chú bé đứng tè Manneken Pis.', 110, 6, '11N10Đ'),
(99, 'Tour đông âu: đức - séc - áo - hungary', 66900000, 62900000, 'uploads/tour_europe8.png', 'Chiêm ngưỡng vẻ đẹp lộng lẫy và bí ẩn của Đông Âu. Khám phá lâu đài cổ Prague, cung điện Schonbrunn Vienna và hoàng hôn trên sông Danube.', 125, 6, '10N9Đ'),
(100, 'Tour du lịch Nam Ninh Cổ Trấn 4 ngày 3 đêm', 7000000, 5900000, 'uploads/tour_china.png', 'Khám phá Nam Ninh Cổ Trấn thanh bình thơ mộng với những ngôi nhà cổ soi bóng xuống dòng sông. Hành trình khám phá ẩm thực Trung Hoa đặc sắc.', 95, 5, '4N3Đ'),
(101, 'Tour Hà Khẩu Bình Biên 3 ngày 2 đêm', 4100000, 3990000, 'uploads/tour_taiwan.png', 'Hành trình check-in Hà Khẩu nhộn nhịp, khám phá Bình Biên với công viên rừng nguyên sinh và những cây cầu gỗ treo tuyệt đẹp bên thác nước.', 85, 5, '3N2Đ'),
(102, 'Tour du lịch singapore - malaysia 5 ngày 4 đêm', 15990000, 12990000, 'uploads/tour_singapore_hagiang.png', 'Liên tuyến hai quốc gia hiện đại Đông Nam Á: check-in tượng sư tử biển Merlion, đảo Sentosa Singapore và tháp đôi Petronas Malaysia.', 160, 5, '5N4Đ'),
(103, 'Tour du lịch hà nội singapore 5 ngày 4 đêm', 17590000, 14990000, 'uploads/tour_thailand.png', 'Khám phá Singapore - thành phố xanh sạch nhất thế giới. Trải nghiệm dịch vụ bay Vietnam Airlines sang trọng, nghỉ dưỡng khách sạn 4 sao.', 140, 5, '5N4Đ'),
(104, 'Tour nhật bản: hà nội – tokyo – phú sĩ 5 ngày 4 đêm', 25900000, 22900000, 'uploads/tour_japan.png', 'Hành trình ngắm núi Phú Sĩ tuyết phủ trắng xóa, tham quan chùa cổ Asakusa và khám phá thủ đô Tokyo hiện đại, náo nhiệt.', 210, 5, '5N4Đ'),
(105, 'Tour du lịch nhật bản: hà nội – osaka – kyoto', 38900000, 36900000, 'uploads/tour_japan.png', 'Khám phá cố đô cổ kính Kyoto, check-in lâu đài cổ Osaka huyền thoại và thưởng thức các món ăn truyền thống đặc sắc của xứ Phù Tang.', 135, 5, '6N5Đ'),
(106, 'Tour du lịch nhật bản: nagoya – tokyo – hakone', 35900000, 29500000, 'uploads/tour_japan.png', 'Hành trình vàng khám phá Nhật Bản. Tắm suối nước nóng Onsen truyền thống tại Hakone, ngắm núi Phú Sĩ hùng vĩ từ hồ Ashi.', 180, 5, '6N5Đ'),
(107, 'Tour khám phá Tokyo mùa lá đỏ 5 ngày 4 đêm', 27900000, 24900000, 'uploads/tour_korea.png', 'Khám phá thủ đô Tokyo rực rỡ sắc đỏ vàng của mùa lá rụng. Trải nghiệm ẩm thực và mua sắm thú vị tại Shinjuku, Shibuya.', 95, 5, '5N4Đ'),
(108, 'Tour Nhật Bản cung đường vàng Tokyo - Kyoto - Osaka', 32900000, 29900000, 'uploads/tour_taiwan_new.png', 'Hành trình huyền thoại kết nối ba thành phố lớn nhất Nhật Bản. Trải nghiệm tàu siêu tốc Shinkansen hiện đại.', 125, 5, '6N5Đ'),
(109, 'Tour du lịch hokkaido tuyết trắng rơi 6 ngày', 42900000, 38900000, 'uploads/tour_china.png', 'Khám phá thiên đường tuyết trắng Hokkaido phía Bắc Nhật Bản. Tham gia lễ hội băng tuyết Otaru kỳ ảo.', 80, 5, '6N5Đ'),
(110, 'Tour mùa hoa anh đào nở rộ Tokyo - Fuji 5 ngày', 26900000, 23900000, 'uploads/tour_singapore_hagiang.png', 'Đắm chìm trong sắc hồng lãng mạn của hoa anh đào quanh núi Phú Sĩ. Trải nghiệm tắm Onsen thư giãn tuyệt đối.', 140, 5, '5N4Đ'),
(111, 'Tour du lịch Osaka - Kobe - Nara 5 ngày 4 đêm', 28900000, 25900000, 'uploads/tour_thailand.png', 'Khám phá vùng Kansai cổ kính. Vui chơi cùng những chú nai thân thiện tại công viên Nara, thưởng thức thịt bò Kobe trứ danh.', 110, 5, '5N4Đ'),
(112, 'Tour khám phá Nagoya và thung lũng Shirakawago', 34900000, 31900000, 'uploads/tour_europe.png', 'Ghé thăm ngôi làng cổ tích Shirakawago với kiến trúc mái nhà dốc đứng độc đáo, phủ đầy tuyết trắng vào mùa đông.', 90, 5, '6N5Đ'),
(113, 'Tour Nhật Bản trọn gói bay Bamboo Airways 5 ngày', 23900000, 21900000, 'uploads/tour_dubai.png', 'Tour giá tốt dịch vụ bay Bamboo Airways đẳng cấp. Khám phá trọn vẹn thủ đô Tokyo và thung lũng Owakudani.', 150, 5, '5N4Đ'),
(114, 'Tour nghỉ dưỡng suối nước nóng Onsen Hakone 4 ngày', 19900000, 17900000, 'uploads/tour_paris.png', 'Chuyến đi nghỉ dưỡng phục hồi sức khỏe hoàn hảo tại Hakone. Tận hưởng nguồn suối khoáng nóng tự nhiên chất lượng.', 75, 5, '4N3Đ'),
(115, 'Tour du thuyền ngắm vịnh Matsushima Nhật Bản', 31900000, 28900000, 'uploads/tour_usa.png', 'Chiêm ngưỡng một trong ba danh lam thắng cảnh đẹp nhất Nhật Bản từ du thuyền. Khám phá văn hóa vùng Sendai.', 85, 5, '5N4Đ'),
(116, 'Tour hành hương các ngôi chùa cổ Kyoto 5 ngày', 24900000, 22900000, 'uploads/tour_australia.png', 'Tìm lại sự thanh tịnh tại cố đô cổ kính. Tham quan Chùa Vàng Kinkaku-ji, chùa Thanh Thủy Kiyomizu-dera linh thiêng.', 105, 5, '5N4Đ'),
(117, 'Tour trekking ngắm cảnh núi Phú Sĩ hùng vĩ 4 ngày', 21900000, 19900000, 'uploads/tour_mucangchai.png', 'Thử thách leo núi trekking và lưu lại những khoảnh khắc tuyệt đẹp của ngọn núi biểu tượng đất nước mặt trời mọc.', 65, 5, '4N3Đ'),
(118, 'Tour Nhật Bản mùa thu lá vàng lá đỏ Osaka 5 ngày', 25900000, 23500000, 'uploads/tour_ninhbinh.png', 'Khám phá lâu đài Osaka lộng lẫy chìm trong sắc lá phong đỏ rực rỡ của mùa thu Kansai yên bình.', 135, 5, '5N4Đ'),
(119, 'Tour du lịch Okinawa đảo ngọc Nhật Bản 5 ngày', 29900000, 26900000, 'uploads/tour_sapa.png', 'Tận hưởng làn nước biển xanh ngọc bích, cát trắng mịn màng và văn hóa độc đáo Ryukyu tại đảo ngọc Okinawa.', 115, 5, '5N4Đ'),
(120, 'Tour trải nghiệm hái hoa quả tại vườn trái cây Yamanashi', 22900000, 20900000, 'uploads/tour_dalat.png', 'Trải nghiệm tự tay hái và thưởng thức nho mẫu đơn, đào tươi mọng nước ngay tại vườn trái cây Yamanashi nổi tiếng.', 95, 5, '5N4Đ'),
(121, 'Tour lễ hội hoa Lavender hồ Kawaguchiko 5 ngày', 26500000, 24500000, 'uploads/tour_hagiang.png', 'Ngắm nhìn cánh đồng hoa oải hương tím ngắt soi bóng bên hồ Kawaguchiko dưới chân núi Phú Sĩ tuyệt đẹp.', 100, 5, '5N4Đ'),
(122, 'Tour du lịch Nhật Bản mùa đông trượt tuyết Niigata 5 ngày', 28900000, 26500000, 'uploads/tour_japan.png', 'Trải nghiệm các trò chơi tuyết thú vị và học trượt tuyết tại khu nghỉ dưỡng nổi tiếng tuyết dày bậc nhất Niigata.', 120, 5, '5N4Đ'),
(123, 'Tour du lịch Tràng An – Ninh Bình 2 ngày 1 đêm', 2500000, 1990000, 'uploads/tour_trangan.png', 'Khám phá khu du lịch sinh thái Tràng An với hàng chục hang động nước kỳ vĩ, viếng đền cổ và thưởng thức đặc sản cơm cháy dê núi Ninh Bình.', 110, 1, '2N1Đ'),
(124, 'Tour du lịch Quy Nhơn – Kỳ Co – Eo Gió 3 ngày 2 đêm', 4200000, 3500000, 'uploads/tour_quynhon.png', 'Đắm mình trong làn nước biển trong xanh như ngọc bích tại bãi tắm Kỳ Co, chiêm ngưỡng Eo Gió hùng vĩ đón hoàng hôn buông lộng gió.', 140, 2, '3N2Đ'),
(125, 'Tour du lịch khám phá di sản Động Phong Nha – Kẻ Bàng', 3000000, 2600000, 'uploads/tour_phongnha.png', 'Hành trình chinh phục động nước Phong Nha lung linh thạch nhũ và thám hiểm vườn quốc gia Phong Nha Kẻ Bàng – Di sản thiên nhiên thế giới.', 95, 2, '2 ngày'),
(126, 'Tour du lịch Huế cổ kính – Khám phá Cố đô Đại Nội 1 ngày', 1200000, 990000, 'uploads/tour_hue.png', 'Tham quan Đại Nội Huế cổ kính linh thiêng, viếng chùa Thiên Mụ hơn 400 năm tuổi và lăng Khải Định với kiến trúc nghệ thuật khảm sành sứ độc đáo.', 150, 2, '1 ngày'),
(127, 'Tour du lịch Nha Trang – Vinwonders – Vịnh San Hô 4 ngày 3 đêm', 4500000, 3990000, 'uploads/tour_nhatrang1.png', 'Trải nghiệm cáp treo vượt biển Nha Trang, vui chơi thả ga tại Vinwonders và lặn ngắm san hô nhiều màu sắc tại Vịnh San Hô tuyệt đẹp.', 160, 2, '4N3Đ'),
(128, 'Tour du lịch biển Nha Trang – Hòn Mun – Hòn Tằm 3 ngày 2 đêm', 3500000, 2990000, 'uploads/tour_nhatrang2.png', 'Khám phá thiên đường san hô Hòn Mun, thư giãn tắm bùn và các hoạt động thể thao biển hấp dẫn tại đảo Hòn Tằm xanh mát.', 110, 2, '3N2Đ'),
(129, 'Tour Nha Trang – Điệp Sơn – Dốc Lết 4 ngày 3 đêm', 3900000, 3400000, 'uploads/tour_nhatrang3.png', 'Trải nghiệm đi bộ trên con đường giữa biển độc nhất vô nhị tại đảo Điệp Sơn và tắm biển Dốc Lết cát trắng mịn màng.', 90, 2, '4N3Đ'),
(130, 'Tour Đà Nẵng – Bà Nà Hills – Ngũ Hành Sơn 3 ngày 2 đêm', 3200000, 2790000, 'uploads/tour_danang1.png', 'Check-in Cầu Vàng nổi tiếng thế giới tại Bà Nà Hills, tham quan Ngũ Hành Sơn huyền thoại và dạo bước phố cổ Hội An rực rỡ đèn lồng.', 140, 2, '3N2Đ'),
(131, 'Tour du lịch Sapa – Cát Cát – Fansipan 2 ngày 1 đêm', 2500000, 1990000, 'uploads/tour_sapa1.png', 'Chinh phục nóc nhà Đông Dương Fansipan bằng cáp treo hiện đại, thăm bản Cát Cát của người H\'Mông đen mộc mạc yên bình.', 112, 1, '2N1Đ'),
(132, 'Tour du lịch Hạ Long – Ngủ đêm du thuyền 5 sao đẳng cấp', 4800000, 3990000, 'uploads/tour_halong1.png', 'Trải nghiệm dịch vụ nghỉ dưỡng thượng lưu trên du thuyền Hạ Long 5 sao, tham quan Hang Sửng Sốt, Đảo Ti Tốp và chèo thuyền kayak.', 150, 1, '2N1Đ'),
(133, 'Tour Phú Quốc – Bãi Sao – Cáp treo Hòn Thơm 4 ngày 3 đêm', 5200000, 4790000, 'uploads/tour_phuquoc1.png', 'Tận hưởng làn nước mát lành tại Bãi Sao Phú Quốc, trải nghiệm cáp treo vượt biển dài nhất thế giới sang đảo Hòn Thơm vui chơi giải trí.', 130, 3, '4N3Đ'),
(134, 'Tour du lịch Miền Tây – Cần Thơ – Chợ nổi Cái Răng', 1900000, 1490000, 'uploads/tour_mientay1.png', 'Khám phá nét văn hóa sông nước đặc trưng của Miền Tây Nam Bộ, đi thuyền tham quan chợ nổi Cái Răng nhộn nhịp từ sáng sớm.', 80, 3, '2N1Đ'),
(135, 'Tour du lịch Hà Giang – Quản Bạ – Yên Minh – Đồng Văn', 3800000, 3200000, 'uploads/tour_hagiang1.png', 'Hành trình chinh phục cao nguyên đá Đồng Văn hùng vĩ, tham quan cổng trời Quản Bạ, dốc Thẩm Mã và đèo Mã Pí Lèng huyền thoại.', 175, 1, '3N2Đ'),
(136, 'Tour du lịch Ninh Bình – Bái Đính – Tràng An 1 ngày giá rẻ', 990000, 790000, 'uploads/tour_ninhbinh1.png', 'Hành trình chiêm bái ngôi chùa Bái Đính lớn nhất Đông Nam Á, ngồi thuyền khám phá danh thắng Tràng An non nước hữu tình.', 105, 1, '1 ngày'),
(137, 'Tour du lịch Huế – Thánh địa La Vang – Động Phong Nha', 2800000, 2400000, 'uploads/tour_hue1.png', 'Hành trình kết nối di sản miền Trung: tham quan cố đô Huế, viếng Thánh địa La Vang linh thiêng và thám hiểm động nước Phong Nha.', 95, 2, '2N1Đ'),
(138, 'Tour Nha Trang – Tắm bùn khoáng nóng – Tháp Bà Ponagar', 1500000, 1290000, 'uploads/tour_nhatrang4.png', 'Thư giãn tắm bùn khoáng nóng thiên nhiên phục hồi sức khỏe, viếng cụm tháp cổ Ponagar - di sản kiến trúc Chăm Pa cổ kính.', 85, 2, '1 ngày'),
(139, 'Tour du lịch Nha Trang – Bình Ba hoang sơ 2 ngày 1 đêm', 2200000, 1990000, 'uploads/tour_nhatrang5.png', 'Khám phá đảo tôm hùm Bình Ba hoang sơ xinh đẹp, thưởng thức tiệc hải sản tươi ngon đầm ấm bên bãi biển lộng gió.', 115, 2, '2N1Đ'),
(140, 'Tour Nha Trang khánh hòa – Đảo Khỉ – Suối Hoa Lan 1 ngày', 900000, 750000, 'uploads/tour_nhatrang6.png', 'Vui chơi cùng hàng trăm chú khỉ tinh nghịch tại đảo khỉ, trekking ngắm cảnh hoa lan rực rỡ sắc màu tại khu du lịch sinh thái suối Hoa Lan.', 65, 2, '1 ngày'),
(141, 'Tour Đà Lạt – Thành phố ngàn hoa mộng mơ 4 ngày 3 đêm', 3100000, 2690000, 'uploads/tour_dalat1.png', 'Ghé thăm Thung lũng Tình Yêu, đồi chè Cầu Đất xanh mát, chùa Linh Phước kỳ vĩ và tận hưởng khí hậu mát mẻ quanh năm tại Đà Lạt.', 125, 2, '4N3Đ'),
(142, 'Tour Côn Đảo linh thiêng – Viếng mộ anh hùng Võ Thị Sáu', 4900000, 4200000, 'uploads/tour_condao1.png', 'Hành trình tâm linh viếng nghĩa trang Hàng Dương, mộ chị Võ Thị Sáu linh thiêng lúc nửa đêm và tham quan nhà tù Côn Đảo di tích lịch sử.', 105, 3, '3N2Đ'),
(143, 'Tour du lịch Phan Thiết – Mũi Né cát trắng nắng vàng', 2400000, 1990000, 'uploads/tour_muine1.png', 'Check-in đồi cát bay Mũi Né tuyệt đẹp, tham quan Suối Tiên mộng mơ, lâu đài rượu vang và tắm biển Mũi Né cát trắng trải dài.', 110, 3, '2N1Đ'),
(144, 'Tour Quy Nhơn – Ghềnh Ráng Tiên Sa – Tháp Bánh Ít 3 ngày', 3600000, 3100000, 'uploads/tour_quynhon1.png', 'Khám phá khu du lịch Ghềnh Ráng Tiên Sa, viếng mộ nhà thơ Hàn Mặc Tử và tham quan quần thể tháp Bánh Ít kiến trúc cổ kính Cham-pa.', 115, 2, '3N2Đ'),
(145, 'Tour du lịch Đông Âu: Đức - Séc - Áo - Slovakia - Hungary', 68900000, 60900000, 'uploads/tour_dongau1.png', 'Trải nghiệm hành trình tuyệt đẹp đi qua các quốc gia Đông Âu cổ kính. Khám phá tháp truyền hình Berlin, lâu đài Prague nguy nga và dòng sông Danube thơ mộng.', 120, 6, '10N9Đ'),
(146, 'Tour khám phá Đông Âu: Pháp - Đức - Ba Lan - Séc', 75900000, 69900000, 'uploads/tour_dongau2.png', 'Hành trình liên tuyến khám phá lịch sử và văn hóa độc đáo vùng Đông Âu. Tham quan các di sản thế giới UNESCO tại Warsaw, Krakow và Prague cổ kính.', 130, 6, '11N10Đ'),
(147, 'Tour Đông Âu mùa thu vàng: Áo - Hungary - Séc - Đức', 75900000, 71900000, 'uploads/tour_dongau3.png', 'Đắm chìm trong sắc vàng lãng mạn của mùa thu Đông Âu. Chiêm ngưỡng vẻ đẹp cổ tích của thị trấn Hallstatt, hoàng cung Schonbrunn và lâu đài Budapest.', 140, 6, '11N10Đ'),
(148, 'Tour liên tuyến Đông Âu cổ kính: Đức - Ba Lan - Séc', 65900000, 61900000, 'uploads/tour_dongau4.png', 'Khám phá trái tim Đông Âu qua những điểm đến đậm chất lịch sử. Tour trọn gói cao cấp bao gồm vé máy bay, khách sạn 4 sao và các bữa ăn đặc sản địa phương.', 115, 6, '10N9Đ'),
(149, 'Tour du lịch Đông Âu lễ hội: Áo - Séc - Hungary', 59900000, 57900000, 'uploads/tour_dongau5.png', 'Hòa mình vào không khí lễ hội rực rỡ và mua sắm tại các chợ truyền thống Đông Âu. Thưởng thức âm nhạc cổ điển Vienna và ẩm thực đặc sắc Goulash.', 125, 6, '11N10Đ'),
(150, 'Tour Đông Âu huyền bí: Hungary - Slovakia - Séc', 66900000, 62900000, 'uploads/tour_dongau6.png', 'Hành trình khám phá những nét đẹp tiềm ẩn của Trung và Đông Âu. Chiêm ngưỡng lâu đài Bratislava, cầu đá Charles và tòa nghị viện Budapest tráng lệ.', 110, 6, '10N9Đ'),
(151, 'Tour di sản Đông Âu: Đức - Séc - Áo - Hungary', 69900000, 64900000, 'uploads/tour_dongau7.png', 'Hành trình khám phá các di sản văn hóa thế giới nổi tiếng nhất khu vực Đông Âu. Dạo thuyền ngắm hoàng hôn trên sông Danube thơ mộng và yên bình.', 135, 6, '11N10Đ'),
(152, 'Tour nghỉ dưỡng Đông Âu: Áo - Séc - Hungary', 72900000, 67900000, 'uploads/tour_dongau8.png', 'Kỳ nghỉ dưỡng tuyệt vời tại các thành phố lãng mạn nhất Châu Âu. Trải nghiệm dịch vụ đẳng cấp, hướng dẫn viên chuyên nghiệp suốt tuyến tận tâm.', 145, 6, '10N9Đ'),
(153, 'Tour du lịch Trung Âu: Đức - Séc - Áo - Hungary', 68900000, 60900000, 'uploads/tour_trungau1.png', 'Khám phá vẻ đẹp lịch sử và phong cảnh thiên nhiên tuyệt mỹ vùng Trung Âu. Hành trình lý tưởng đi qua các thành phố cổ kính và lãng mạn nhất.', 120, 6, '10N9Đ'),
(154, 'Tour châu âu: ý - vatican - thụy sỹ - pháp - đức (Trung Âu)', 99900000, 89900000, 'uploads/tour_trungau2.png', 'Hành trình khám phá các nước Trung và Tây Âu. Trải nghiệm dịch vụ đẳng cấp, tham quan các địa danh lịch sử nổi tiếng nhất thế giới.', 180, 6, '13N12Đ'),
(155, 'Tour khám phá Trung Âu: Thổ Nhĩ Kỳ - Hy Lạp 10 ngày', 37900000, 35900000, 'uploads/tour_trungau3.png', 'Khám phá vùng đất huyền thoại giao thoa văn hóa Á - Âu. Trải nghiệm bay khinh khí cầu tại Cappadocia và ngắm hoàng hôn trên đảo Santorini.', 140, 6, '10N9Đ'),
(156, 'Tour du lịch châu âu: đức - pháp - thụy sỹ - ý (Trung Âu)', 75900000, 69900000, 'uploads/tour_trungau4.png', 'Hành trình tuyệt vời qua những quốc gia trái tim của Châu Âu. Chiêm ngưỡng vẻ đẹp cổ kính, lãng mạn và hiện đại đan xen.', 160, 6, '11N10Đ'),
(157, 'Tour châu âu du lịch: đức - áo - ý - thụy sỹ (Trung Âu)', 75900000, 71900000, 'uploads/tour_trungau5.png', 'Khám phá cung đường vàng Trung Âu thơ mộng. Thưởng ngoạn cảnh sắc dãy Alps phủ tuyết trắng và các thị trấn cổ bình yên.', 130, 6, '11N10Đ'),
(158, 'Tour châu âu 5 nước: pháp - bỉ - hà lan - đức - luxembourg (Trung Âu)', 65900000, 61900000, 'uploads/tour_trungau6.png', 'Hành trình khám phá nét đẹp cổ điển và hiện đại tại 5 quốc gia phát triển bậc nhất Châu Âu. Dịch vụ bay Vietnam Airlines cao cấp.', 195, 6, '10N9Đ'),
(159, 'Tour du lịch châu âu: pháp - bỉ - hà lan (Trung Âu)', 59900000, 57900000, 'uploads/tour_trungau7.png', 'Chuyến du lịch khám phá Tây và Trung Âu thơ mộng. Thích hợp cho gia đình nghỉ dưỡng và lưu giữ những khoảnh khắc tuyệt đẹp.', 110, 6, '11N10Đ'),
(160, 'Tour liên tuyến Trung Âu: đức - séc - áo - hungary', 66900000, 62900000, 'uploads/tour_trungau8.png', 'Chiêm ngưỡng vẻ đẹp cổ kính và lộng lẫy của các nước Trung Âu. Tham quan lâu đài cổ Prague và dạo thuyền lãng mạn trên dòng sông Danube.', 125, 6, '10N9Đ'),
(161, 'Du lịch Hè - Tour Đà Nẵng - Bà Nà Hills - Hội An 3 ngày 2 đêm', 9850000, 8900000, 'uploads/tour_danang_he.png', 'Hành trình du lịch hè tuyệt vời tại Đà Nẵng, tham quan Bà Nà Hills và phố cổ Hội An.', 150, 2, '3N2Đ');

-- --------------------------------------------------------
-- Cấu trúc bảng cho bảng `taikhoan`
--
CREATE TABLE IF NOT EXISTS `taikhoan` (
  `id` int(11) NOT NULL AUTO_INCREMENT,
  `username` varchar(50) NOT NULL UNIQUE,
  `password` varchar(255) NOT NULL,
  `email` varchar(100) NOT NULL UNIQUE,
  `phone` varchar(20) DEFAULT NULL UNIQUE,
  `role` int(11) NOT NULL DEFAULT 0,
  PRIMARY KEY (`id`)
) ENGINE=InnoDB AUTO_INCREMENT=143 DEFAULT CHARSET=utf8mb4 COLLATE=utf8mb4_unicode_ci;

-- Thêm tài khoản quản trị mặc định (mật khẩu là 'admin123' đã băm hoặc lưu text tùy biến, ở đây lưu plain text hoặc md5/password_hash để test dễ dàng, ta sẽ dùng password_hash trong code PHP, tài khoản này sẽ được tạo trong DB)
-- admin: admin123
INSERT INTO `taikhoan` (`id`, `username`, `password`, `email`, `phone`, `role`) VALUES
(1, 'admin123', 'y$Y73rM5iHlPzT4nB4u6T2aeEeeuH74p6s/FjXQ.06NlW2zBv5D01mG', 'admin@webtravel.com', '0987654321', 1),
(2, 'nhanvien1', 'y$X8Hn1g69B2tN4O5u6T2aeEeeuH74p6s/FjXQ.06NlW2zBv5D01mG', 'nhanvien1@webtravel.com', '0912345678', 2),
(3, 'khachhang1', 'y$Y73rM5iHlPzT4nB4u6T2aeEeeuH74p6s/FjXQ.06NlW2zBv5D01mG', 'khachhang1@gmail.com', '0901234567', 0),
(4, 'nhanvien2', 'yrAdNsYEKRATiT4Y4OFC0uateqsDVw0m.pOBwMOY1jlAYrCzqX1V.', 'nhanvien2@webtravel.com', '0920000002', 2),
(5, 'nhanvien3', 'yrAdNsYEKRATiT4Y4OFC0uateqsDVw0m.pOBwMOY1jlAYrCzqX1V.', 'nhanvien3@webtravel.com', '0920000003', 2),
(6, 'nhanvien4', 'yrAdNsYEKRATiT4Y4OFC0uateqsDVw0m.pOBwMOY1jlAYrCzqX1V.', 'nhanvien4@webtravel.com', '0920000004', 2),
(7, 'nhanvien5', 'yrAdNsYEKRATiT4Y4OFC0uateqsDVw0m.pOBwMOY1jlAYrCzqX1V.', 'nhanvien5@webtravel.com', '0920000005', 2),
(8, 'nhanvien6', 'yrAdNsYEKRATiT4Y4OFC0uateqsDVw0m.pOBwMOY1jlAYrCzqX1V.', 'nhanvien6@webtravel.com', '0920000006', 2),
(9, 'nhanvien7', 'yrAdNsYEKRATiT4Y4OFC0uateqsDVw0m.pOBwMOY1jlAYrCzqX1V.', 'nhanvien7@webtravel.com', '0920000007', 2),
(10, 'nhanvien8', 'yrAdNsYEKRATiT4Y4OFC0uateqsDVw0m.pOBwMOY1jlAYrCzqX1V.', 'nhanvien8@webtravel.com', '0920000008', 2),
(11, 'nhanvien9', 'yrAdNsYEKRATiT4Y4OFC0uateqsDVw0m.pOBwMOY1jlAYrCzqX1V.', 'nhanvien9@webtravel.com', '0920000009', 2),
(12, 'nhanvien10', 'yrAdNsYEKRATiT4Y4OFC0uateqsDVw0m.pOBwMOY1jlAYrCzqX1V.', 'nhanvien10@webtravel.com', '0920000010', 2),
(13, 'nhanvien11', 'yrAdNsYEKRATiT4Y4OFC0uateqsDVw0m.pOBwMOY1jlAYrCzqX1V.', 'nhanvien11@webtravel.com', '0920000011', 2),
(14, 'nhanvien12', 'yrAdNsYEKRATiT4Y4OFC0uateqsDVw0m.pOBwMOY1jlAYrCzqX1V.', 'nhanvien12@webtravel.com', '0920000012', 2),
(15, 'nhanvien13', 'yrAdNsYEKRATiT4Y4OFC0uateqsDVw0m.pOBwMOY1jlAYrCzqX1V.', 'nhanvien13@webtravel.com', '0920000013', 2),
(16, 'nhanvien14', 'yrAdNsYEKRATiT4Y4OFC0uateqsDVw0m.pOBwMOY1jlAYrCzqX1V.', 'nhanvien14@webtravel.com', '0920000014', 2),
(17, 'nhanvien15', 'yrAdNsYEKRATiT4Y4OFC0uateqsDVw0m.pOBwMOY1jlAYrCzqX1V.', 'nhanvien15@webtravel.com', '0920000015', 2),
(18, 'nhanvien16', 'yrAdNsYEKRATiT4Y4OFC0uateqsDVw0m.pOBwMOY1jlAYrCzqX1V.', 'nhanvien16@webtravel.com', '0920000016', 2),
(19, 'nhanvien17', 'yrAdNsYEKRATiT4Y4OFC0uateqsDVw0m.pOBwMOY1jlAYrCzqX1V.', 'nhanvien17@webtravel.com', '0920000017', 2),
(20, 'nhanvien18', 'yrAdNsYEKRATiT4Y4OFC0uateqsDVw0m.pOBwMOY1jlAYrCzqX1V.', 'nhanvien18@webtravel.com', '0920000018', 2),
(21, 'nhanvien19', 'yrAdNsYEKRATiT4Y4OFC0uateqsDVw0m.pOBwMOY1jlAYrCzqX1V.', 'nhanvien19@webtravel.com', '0920000019', 2),
(22, 'nhanvien20', 'yrAdNsYEKRATiT4Y4OFC0uateqsDVw0m.pOBwMOY1jlAYrCzqX1V.', 'nhanvien20@webtravel.com', '0920000020', 2),
(23, 'nhanvien21', 'yrAdNsYEKRATiT4Y4OFC0uateqsDVw0m.pOBwMOY1jlAYrCzqX1V.', 'nhanvien21@webtravel.com', '0920000021', 2),
(24, 'nhanvien22', 'yrAdNsYEKRATiT4Y4OFC0uateqsDVw0m.pOBwMOY1jlAYrCzqX1V.', 'nhanvien22@webtravel.com', '0920000022', 2),
(25, 'nhanvien23', 'yrAdNsYEKRATiT4Y4OFC0uateqsDVw0m.pOBwMOY1jlAYrCzqX1V.', 'nhanvien23@webtravel.com', '0920000023', 2),
(26, 'nhanvien24', 'yrAdNsYEKRATiT4Y4OFC0uateqsDVw0m.pOBwMOY1jlAYrCzqX1V.', 'nhanvien24@webtravel.com', '0920000024', 2),
(27, 'nhanvien25', 'yrAdNsYEKRATiT4Y4OFC0uateqsDVw0m.pOBwMOY1jlAYrCzqX1V.', 'nhanvien25@webtravel.com', '0920000025', 2),
(28, 'nhanvien26', 'yrAdNsYEKRATiT4Y4OFC0uateqsDVw0m.pOBwMOY1jlAYrCzqX1V.', 'nhanvien26@webtravel.com', '0920000026', 2),
(29, 'nhanvien27', 'yrAdNsYEKRATiT4Y4OFC0uateqsDVw0m.pOBwMOY1jlAYrCzqX1V.', 'nhanvien27@webtravel.com', '0920000027', 2),
(30, 'nhanvien28', 'yrAdNsYEKRATiT4Y4OFC0uateqsDVw0m.pOBwMOY1jlAYrCzqX1V.', 'nhanvien28@webtravel.com', '0920000028', 2),
(31, 'nhanvien29', 'yrAdNsYEKRATiT4Y4OFC0uateqsDVw0m.pOBwMOY1jlAYrCzqX1V.', 'nhanvien29@webtravel.com', '0920000029', 2),
(32, 'nhanvien30', 'yrAdNsYEKRATiT4Y4OFC0uateqsDVw0m.pOBwMOY1jlAYrCzqX1V.', 'nhanvien30@webtravel.com', '0920000030', 2),
(33, 'nhanvien31', 'yrAdNsYEKRATiT4Y4OFC0uateqsDVw0m.pOBwMOY1jlAYrCzqX1V.', 'nhanvien31@webtravel.com', '0920000031', 2),
(34, 'nhanvien32', 'yrAdNsYEKRATiT4Y4OFC0uateqsDVw0m.pOBwMOY1jlAYrCzqX1V.', 'nhanvien32@webtravel.com', '0920000032', 2),
(35, 'nhanvien33', 'yrAdNsYEKRATiT4Y4OFC0uateqsDVw0m.pOBwMOY1jlAYrCzqX1V.', 'nhanvien33@webtravel.com', '0920000033', 2),
(36, 'nhanvien34', 'yrAdNsYEKRATiT4Y4OFC0uateqsDVw0m.pOBwMOY1jlAYrCzqX1V.', 'nhanvien34@webtravel.com', '0920000034', 2),
(37, 'nhanvien35', 'yrAdNsYEKRATiT4Y4OFC0uateqsDVw0m.pOBwMOY1jlAYrCzqX1V.', 'nhanvien35@webtravel.com', '0920000035', 2),
(38, 'nhanvien36', 'yrAdNsYEKRATiT4Y4OFC0uateqsDVw0m.pOBwMOY1jlAYrCzqX1V.', 'nhanvien36@webtravel.com', '0920000036', 2),
(39, 'nhanvien37', 'yrAdNsYEKRATiT4Y4OFC0uateqsDVw0m.pOBwMOY1jlAYrCzqX1V.', 'nhanvien37@webtravel.com', '0920000037', 2),
(40, 'nhanvien38', 'yrAdNsYEKRATiT4Y4OFC0uateqsDVw0m.pOBwMOY1jlAYrCzqX1V.', 'nhanvien38@webtravel.com', '0920000038', 2),
(41, 'nhanvien39', 'yrAdNsYEKRATiT4Y4OFC0uateqsDVw0m.pOBwMOY1jlAYrCzqX1V.', 'nhanvien39@webtravel.com', '0920000039', 2),
(42, 'nhanvien40', 'yrAdNsYEKRATiT4Y4OFC0uateqsDVw0m.pOBwMOY1jlAYrCzqX1V.', 'nhanvien40@webtravel.com', '0920000040', 2),
(43, 'nhanvien41', 'yrAdNsYEKRATiT4Y4OFC0uateqsDVw0m.pOBwMOY1jlAYrCzqX1V.', 'nhanvien41@webtravel.com', '0920000041', 2),
(44, 'nhanvien42', 'yrAdNsYEKRATiT4Y4OFC0uateqsDVw0m.pOBwMOY1jlAYrCzqX1V.', 'nhanvien42@webtravel.com', '0920000042', 2),
(45, 'nhanvien43', 'yrAdNsYEKRATiT4Y4OFC0uateqsDVw0m.pOBwMOY1jlAYrCzqX1V.', 'nhanvien43@webtravel.com', '0920000043', 2),
(46, 'nhanvien44', 'yrAdNsYEKRATiT4Y4OFC0uateqsDVw0m.pOBwMOY1jlAYrCzqX1V.', 'nhanvien44@webtravel.com', '0920000044', 2),
(47, 'nhanvien45', 'yrAdNsYEKRATiT4Y4OFC0uateqsDVw0m.pOBwMOY1jlAYrCzqX1V.', 'nhanvien45@webtravel.com', '0920000045', 2),
(48, 'nhanvien46', 'yrAdNsYEKRATiT4Y4OFC0uateqsDVw0m.pOBwMOY1jlAYrCzqX1V.', 'nhanvien46@webtravel.com', '0920000046', 2),
(49, 'nhanvien47', 'yrAdNsYEKRATiT4Y4OFC0uateqsDVw0m.pOBwMOY1jlAYrCzqX1V.', 'nhanvien47@webtravel.com', '0920000047', 2),
(50, 'nhanvien48', 'yrAdNsYEKRATiT4Y4OFC0uateqsDVw0m.pOBwMOY1jlAYrCzqX1V.', 'nhanvien48@webtravel.com', '0920000048', 2),
(51, 'nhanvien49', 'yrAdNsYEKRATiT4Y4OFC0uateqsDVw0m.pOBwMOY1jlAYrCzqX1V.', 'nhanvien49@webtravel.com', '0920000049', 2),
(52, 'nhanvien50', 'yrAdNsYEKRATiT4Y4OFC0uateqsDVw0m.pOBwMOY1jlAYrCzqX1V.', 'nhanvien50@webtravel.com', '0920000050', 2),
(53, 'nhanvien51', 'yrAdNsYEKRATiT4Y4OFC0uateqsDVw0m.pOBwMOY1jlAYrCzqX1V.', 'nhanvien51@webtravel.com', '0920000051', 2),
(54, 'nhanvien52', 'yrAdNsYEKRATiT4Y4OFC0uateqsDVw0m.pOBwMOY1jlAYrCzqX1V.', 'nhanvien52@webtravel.com', '0920000052', 2),
(55, 'nhanvien53', 'yrAdNsYEKRATiT4Y4OFC0uateqsDVw0m.pOBwMOY1jlAYrCzqX1V.', 'nhanvien53@webtravel.com', '0920000053', 2),
(56, 'nhanvien54', 'yrAdNsYEKRATiT4Y4OFC0uateqsDVw0m.pOBwMOY1jlAYrCzqX1V.', 'nhanvien54@webtravel.com', '0920000054', 2),
(57, 'nhanvien55', 'yrAdNsYEKRATiT4Y4OFC0uateqsDVw0m.pOBwMOY1jlAYrCzqX1V.', 'nhanvien55@webtravel.com', '0920000055', 2),
(58, 'nhanvien56', 'yrAdNsYEKRATiT4Y4OFC0uateqsDVw0m.pOBwMOY1jlAYrCzqX1V.', 'nhanvien56@webtravel.com', '0920000056', 2),
(59, 'nhanvien57', 'yrAdNsYEKRATiT4Y4OFC0uateqsDVw0m.pOBwMOY1jlAYrCzqX1V.', 'nhanvien57@webtravel.com', '0920000057', 2),
(60, 'nhanvien58', 'yrAdNsYEKRATiT4Y4OFC0uateqsDVw0m.pOBwMOY1jlAYrCzqX1V.', 'nhanvien58@webtravel.com', '0920000058', 2),
(61, 'nhanvien59', 'yrAdNsYEKRATiT4Y4OFC0uateqsDVw0m.pOBwMOY1jlAYrCzqX1V.', 'nhanvien59@webtravel.com', '0920000059', 2),
(62, 'nhanvien60', 'yrAdNsYEKRATiT4Y4OFC0uateqsDVw0m.pOBwMOY1jlAYrCzqX1V.', 'nhanvien60@webtravel.com', '0920000060', 2),
(63, 'nhanvien61', 'yrAdNsYEKRATiT4Y4OFC0uateqsDVw0m.pOBwMOY1jlAYrCzqX1V.', 'nhanvien61@webtravel.com', '0920000061', 2),
(64, 'nhanvien62', 'yrAdNsYEKRATiT4Y4OFC0uateqsDVw0m.pOBwMOY1jlAYrCzqX1V.', 'nhanvien62@webtravel.com', '0920000062', 2),
(65, 'nhanvien63', 'yrAdNsYEKRATiT4Y4OFC0uateqsDVw0m.pOBwMOY1jlAYrCzqX1V.', 'nhanvien63@webtravel.com', '0920000063', 2),
(66, 'nhanvien64', 'yrAdNsYEKRATiT4Y4OFC0uateqsDVw0m.pOBwMOY1jlAYrCzqX1V.', 'nhanvien64@webtravel.com', '0920000064', 2),
(67, 'nhanvien65', 'yrAdNsYEKRATiT4Y4OFC0uateqsDVw0m.pOBwMOY1jlAYrCzqX1V.', 'nhanvien65@webtravel.com', '0920000065', 2),
(68, 'nhanvien66', 'yrAdNsYEKRATiT4Y4OFC0uateqsDVw0m.pOBwMOY1jlAYrCzqX1V.', 'nhanvien66@webtravel.com', '0920000066', 2),
(69, 'nhanvien67', 'yrAdNsYEKRATiT4Y4OFC0uateqsDVw0m.pOBwMOY1jlAYrCzqX1V.', 'nhanvien67@webtravel.com', '0920000067', 2),
(70, 'nhanvien68', 'yrAdNsYEKRATiT4Y4OFC0uateqsDVw0m.pOBwMOY1jlAYrCzqX1V.', 'nhanvien68@webtravel.com', '0920000068', 2),
(71, 'nhanvien69', 'yrAdNsYEKRATiT4Y4OFC0uateqsDVw0m.pOBwMOY1jlAYrCzqX1V.', 'nhanvien69@webtravel.com', '0920000069', 2),
(72, 'nhanvien70', 'yrAdNsYEKRATiT4Y4OFC0uateqsDVw0m.pOBwMOY1jlAYrCzqX1V.', 'nhanvien70@webtravel.com', '0920000070', 2),
(73, 'nhanvien71', 'yrAdNsYEKRATiT4Y4OFC0uateqsDVw0m.pOBwMOY1jlAYrCzqX1V.', 'nhanvien71@webtravel.com', '0920000071', 2),
(74, 'nhanvien72', 'yrAdNsYEKRATiT4Y4OFC0uateqsDVw0m.pOBwMOY1jlAYrCzqX1V.', 'nhanvien72@webtravel.com', '0920000072', 2),
(75, 'nhanvien73', 'yrAdNsYEKRATiT4Y4OFC0uateqsDVw0m.pOBwMOY1jlAYrCzqX1V.', 'nhanvien73@webtravel.com', '0920000073', 2),
(76, 'nhanvien74', 'yrAdNsYEKRATiT4Y4OFC0uateqsDVw0m.pOBwMOY1jlAYrCzqX1V.', 'nhanvien74@webtravel.com', '0920000074', 2),
(77, 'nhanvien75', 'yrAdNsYEKRATiT4Y4OFC0uateqsDVw0m.pOBwMOY1jlAYrCzqX1V.', 'nhanvien75@webtravel.com', '0920000075', 2),
(78, 'nhanvien76', 'yrAdNsYEKRATiT4Y4OFC0uateqsDVw0m.pOBwMOY1jlAYrCzqX1V.', 'nhanvien76@webtravel.com', '0920000076', 2),
(79, 'nhanvien77', 'yrAdNsYEKRATiT4Y4OFC0uateqsDVw0m.pOBwMOY1jlAYrCzqX1V.', 'nhanvien77@webtravel.com', '0920000077', 2),
(80, 'nhanvien78', 'yrAdNsYEKRATiT4Y4OFC0uateqsDVw0m.pOBwMOY1jlAYrCzqX1V.', 'nhanvien78@webtravel.com', '0920000078', 2),
(81, 'nhanvien79', 'yrAdNsYEKRATiT4Y4OFC0uateqsDVw0m.pOBwMOY1jlAYrCzqX1V.', 'nhanvien79@webtravel.com', '0920000079', 2),
(82, 'nhanvien80', 'yrAdNsYEKRATiT4Y4OFC0uateqsDVw0m.pOBwMOY1jlAYrCzqX1V.', 'nhanvien80@webtravel.com', '0920000080', 2),
(83, 'nhanvien81', 'yrAdNsYEKRATiT4Y4OFC0uateqsDVw0m.pOBwMOY1jlAYrCzqX1V.', 'nhanvien81@webtravel.com', '0920000081', 2),
(84, 'nhanvien82', 'yrAdNsYEKRATiT4Y4OFC0uateqsDVw0m.pOBwMOY1jlAYrCzqX1V.', 'nhanvien82@webtravel.com', '0920000082', 2),
(85, 'nhanvien83', 'yrAdNsYEKRATiT4Y4OFC0uateqsDVw0m.pOBwMOY1jlAYrCzqX1V.', 'nhanvien83@webtravel.com', '0920000083', 2),
(86, 'nhanvien84', 'yrAdNsYEKRATiT4Y4OFC0uateqsDVw0m.pOBwMOY1jlAYrCzqX1V.', 'nhanvien84@webtravel.com', '0920000084', 2),
(87, 'nhanvien85', 'yrAdNsYEKRATiT4Y4OFC0uateqsDVw0m.pOBwMOY1jlAYrCzqX1V.', 'nhanvien85@webtravel.com', '0920000085', 2),
(88, 'nhanvien86', 'yrAdNsYEKRATiT4Y4OFC0uateqsDVw0m.pOBwMOY1jlAYrCzqX1V.', 'nhanvien86@webtravel.com', '0920000086', 2),
(89, 'nhanvien87', 'yrAdNsYEKRATiT4Y4OFC0uateqsDVw0m.pOBwMOY1jlAYrCzqX1V.', 'nhanvien87@webtravel.com', '0920000087', 2),
(90, 'nhanvien88', 'yrAdNsYEKRATiT4Y4OFC0uateqsDVw0m.pOBwMOY1jlAYrCzqX1V.', 'nhanvien88@webtravel.com', '0920000088', 2),
(91, 'nhanvien89', 'yrAdNsYEKRATiT4Y4OFC0uateqsDVw0m.pOBwMOY1jlAYrCzqX1V.', 'nhanvien89@webtravel.com', '0920000089', 2),
(92, 'nhanvien90', 'yrAdNsYEKRATiT4Y4OFC0uateqsDVw0m.pOBwMOY1jlAYrCzqX1V.', 'nhanvien90@webtravel.com', '0920000090', 2),
(93, 'nhanvien91', 'yrAdNsYEKRATiT4Y4OFC0uateqsDVw0m.pOBwMOY1jlAYrCzqX1V.', 'nhanvien91@webtravel.com', '0920000091', 2),
(94, 'nhanvien92', 'yrAdNsYEKRATiT4Y4OFC0uateqsDVw0m.pOBwMOY1jlAYrCzqX1V.', 'nhanvien92@webtravel.com', '0920000092', 2),
(95, 'nhanvien93', 'yrAdNsYEKRATiT4Y4OFC0uateqsDVw0m.pOBwMOY1jlAYrCzqX1V.', 'nhanvien93@webtravel.com', '0920000093', 2),
(96, 'nhanvien94', 'yrAdNsYEKRATiT4Y4OFC0uateqsDVw0m.pOBwMOY1jlAYrCzqX1V.', 'nhanvien94@webtravel.com', '0920000094', 2),
(97, 'nhanvien95', 'yrAdNsYEKRATiT4Y4OFC0uateqsDVw0m.pOBwMOY1jlAYrCzqX1V.', 'nhanvien95@webtravel.com', '0920000095', 2),
(98, 'nhanvien96', 'yrAdNsYEKRATiT4Y4OFC0uateqsDVw0m.pOBwMOY1jlAYrCzqX1V.', 'nhanvien96@webtravel.com', '0920000096', 2),
(99, 'nhanvien97', 'yrAdNsYEKRATiT4Y4OFC0uateqsDVw0m.pOBwMOY1jlAYrCzqX1V.', 'nhanvien97@webtravel.com', '0920000097', 2),
(100, 'nhanvien98', 'yrAdNsYEKRATiT4Y4OFC0uateqsDVw0m.pOBwMOY1jlAYrCzqX1V.', 'nhanvien98@webtravel.com', '0920000098', 2),
(101, 'nhanvien99', 'yrAdNsYEKRATiT4Y4OFC0uateqsDVw0m.pOBwMOY1jlAYrCzqX1V.', 'nhanvien99@webtravel.com', '0920000099', 2),
(102, 'nhanvien100', 'yrAdNsYEKRATiT4Y4OFC0uateqsDVw0m.pOBwMOY1jlAYrCzqX1V.', 'nhanvien100@webtravel.com', '0920000100', 2),
(103, 'nhanvien101', 'yrAdNsYEKRATiT4Y4OFC0uateqsDVw0m.pOBwMOY1jlAYrCzqX1V.', 'nhanvien101@webtravel.com', '0920000101', 2),
(104, 'nhanvien102', 'yrAdNsYEKRATiT4Y4OFC0uateqsDVw0m.pOBwMOY1jlAYrCzqX1V.', 'nhanvien102@webtravel.com', '0920000102', 2),
(105, 'nhanvien103', 'yrAdNsYEKRATiT4Y4OFC0uateqsDVw0m.pOBwMOY1jlAYrCzqX1V.', 'nhanvien103@webtravel.com', '0920000103', 2),
(106, 'nhanvien104', 'yrAdNsYEKRATiT4Y4OFC0uateqsDVw0m.pOBwMOY1jlAYrCzqX1V.', 'nhanvien104@webtravel.com', '0920000104', 2),
(107, 'nhanvien105', 'yrAdNsYEKRATiT4Y4OFC0uateqsDVw0m.pOBwMOY1jlAYrCzqX1V.', 'nhanvien105@webtravel.com', '0920000105', 2),
(108, 'nhanvien106', 'yrAdNsYEKRATiT4Y4OFC0uateqsDVw0m.pOBwMOY1jlAYrCzqX1V.', 'nhanvien106@webtravel.com', '0920000106', 2),
(109, 'nhanvien107', 'yrAdNsYEKRATiT4Y4OFC0uateqsDVw0m.pOBwMOY1jlAYrCzqX1V.', 'nhanvien107@webtravel.com', '0920000107', 2),
(110, 'nhanvien108', 'yrAdNsYEKRATiT4Y4OFC0uateqsDVw0m.pOBwMOY1jlAYrCzqX1V.', 'nhanvien108@webtravel.com', '0920000108', 2),
(111, 'nhanvien109', 'yrAdNsYEKRATiT4Y4OFC0uateqsDVw0m.pOBwMOY1jlAYrCzqX1V.', 'nhanvien109@webtravel.com', '0920000109', 2),
(112, 'nhanvien110', 'yrAdNsYEKRATiT4Y4OFC0uateqsDVw0m.pOBwMOY1jlAYrCzqX1V.', 'nhanvien110@webtravel.com', '0920000110', 2),
(113, 'nhanvien111', 'yrAdNsYEKRATiT4Y4OFC0uateqsDVw0m.pOBwMOY1jlAYrCzqX1V.', 'nhanvien111@webtravel.com', '0920000111', 2),
(114, 'nhanvien112', 'yrAdNsYEKRATiT4Y4OFC0uateqsDVw0m.pOBwMOY1jlAYrCzqX1V.', 'nhanvien112@webtravel.com', '0920000112', 2),
(115, 'nhanvien113', 'yrAdNsYEKRATiT4Y4OFC0uateqsDVw0m.pOBwMOY1jlAYrCzqX1V.', 'nhanvien113@webtravel.com', '0920000113', 2),
(116, 'nhanvien114', 'yrAdNsYEKRATiT4Y4OFC0uateqsDVw0m.pOBwMOY1jlAYrCzqX1V.', 'nhanvien114@webtravel.com', '0920000114', 2),
(117, 'nhanvien115', 'yrAdNsYEKRATiT4Y4OFC0uateqsDVw0m.pOBwMOY1jlAYrCzqX1V.', 'nhanvien115@webtravel.com', '0920000115', 2),
(118, 'nhanvien116', 'yrAdNsYEKRATiT4Y4OFC0uateqsDVw0m.pOBwMOY1jlAYrCzqX1V.', 'nhanvien116@webtravel.com', '0920000116', 2),
(119, 'nhanvien117', 'yrAdNsYEKRATiT4Y4OFC0uateqsDVw0m.pOBwMOY1jlAYrCzqX1V.', 'nhanvien117@webtravel.com', '0920000117', 2),
(120, 'nhanvien118', 'yrAdNsYEKRATiT4Y4OFC0uateqsDVw0m.pOBwMOY1jlAYrCzqX1V.', 'nhanvien118@webtravel.com', '0920000118', 2),
(121, 'nhanvien119', 'yrAdNsYEKRATiT4Y4OFC0uateqsDVw0m.pOBwMOY1jlAYrCzqX1V.', 'nhanvien119@webtravel.com', '0920000119', 2),
(122, 'nhanvien120', 'yrAdNsYEKRATiT4Y4OFC0uateqsDVw0m.pOBwMOY1jlAYrCzqX1V.', 'nhanvien120@webtravel.com', '0920000120', 2),
(123, 'nhanvien121', 'yrAdNsYEKRATiT4Y4OFC0uateqsDVw0m.pOBwMOY1jlAYrCzqX1V.', 'nhanvien121@webtravel.com', '0920000121', 2),
(124, 'nhanvien122', 'yrAdNsYEKRATiT4Y4OFC0uateqsDVw0m.pOBwMOY1jlAYrCzqX1V.', 'nhanvien122@webtravel.com', '0920000122', 2),
(125, 'nhanvien123', 'yrAdNsYEKRATiT4Y4OFC0uateqsDVw0m.pOBwMOY1jlAYrCzqX1V.', 'nhanvien123@webtravel.com', '0920000123', 2),
(126, 'nhanvien124', 'yrAdNsYEKRATiT4Y4OFC0uateqsDVw0m.pOBwMOY1jlAYrCzqX1V.', 'nhanvien124@webtravel.com', '0920000124', 2),
(127, 'nhanvien125', 'yrAdNsYEKRATiT4Y4OFC0uateqsDVw0m.pOBwMOY1jlAYrCzqX1V.', 'nhanvien125@webtravel.com', '0920000125', 2),
(128, 'nhanvien126', 'yrAdNsYEKRATiT4Y4OFC0uateqsDVw0m.pOBwMOY1jlAYrCzqX1V.', 'nhanvien126@webtravel.com', '0920000126', 2),
(129, 'nhanvien127', 'yrAdNsYEKRATiT4Y4OFC0uateqsDVw0m.pOBwMOY1jlAYrCzqX1V.', 'nhanvien127@webtravel.com', '0920000127', 2),
(130, 'nhanvien128', 'yrAdNsYEKRATiT4Y4OFC0uateqsDVw0m.pOBwMOY1jlAYrCzqX1V.', 'nhanvien128@webtravel.com', '0920000128', 2),
(131, 'nhanvien129', 'yrAdNsYEKRATiT4Y4OFC0uateqsDVw0m.pOBwMOY1jlAYrCzqX1V.', 'nhanvien129@webtravel.com', '0920000129', 2),
(132, 'nhanvien130', 'yrAdNsYEKRATiT4Y4OFC0uateqsDVw0m.pOBwMOY1jlAYrCzqX1V.', 'nhanvien130@webtravel.com', '0920000130', 2),
(133, 'nhanvien131', 'yrAdNsYEKRATiT4Y4OFC0uateqsDVw0m.pOBwMOY1jlAYrCzqX1V.', 'nhanvien131@webtravel.com', '0920000131', 2),
(134, 'nhanvien132', 'yrAdNsYEKRATiT4Y4OFC0uateqsDVw0m.pOBwMOY1jlAYrCzqX1V.', 'nhanvien132@webtravel.com', '0920000132', 2),
(135, 'nhanvien133', 'yrAdNsYEKRATiT4Y4OFC0uateqsDVw0m.pOBwMOY1jlAYrCzqX1V.', 'nhanvien133@webtravel.com', '0920000133', 2),
(136, 'nhanvien134', 'yrAdNsYEKRATiT4Y4OFC0uateqsDVw0m.pOBwMOY1jlAYrCzqX1V.', 'nhanvien134@webtravel.com', '0920000134', 2),
(137, 'nhanvien135', 'yrAdNsYEKRATiT4Y4OFC0uateqsDVw0m.pOBwMOY1jlAYrCzqX1V.', 'nhanvien135@webtravel.com', '0920000135', 2),
(138, 'nhanvien136', 'yrAdNsYEKRATiT4Y4OFC0uateqsDVw0m.pOBwMOY1jlAYrCzqX1V.', 'nhanvien136@webtravel.com', '0920000136', 2),
(139, 'nhanvien137', 'yrAdNsYEKRATiT4Y4OFC0uateqsDVw0m.pOBwMOY1jlAYrCzqX1V.', 'nhanvien137@webtravel.com', '0920000137', 2),
(140, 'nhanvien138', 'yrAdNsYEKRATiT4Y4OFC0uateqsDVw0m.pOBwMOY1jlAYrCzqX1V.', 'nhanvien138@webtravel.com', '0920000138', 2),
(141, 'nhanvien139', 'yrAdNsYEKRATiT4Y4OFC0uateqsDVw0m.pOBwMOY1jlAYrCzqX1V.', 'nhanvien139@webtravel.com', '0920000139', 2),
(142, 'nhanvien140', 'yrAdNsYEKRATiT4Y4OFC0uateqsDVw0m.pOBwMOY1jlAYrCzqX1V.', 'nhanvien140@webtravel.com', '0920000140', 2);

-- --------------------------------------------------------
-- Cấu trúc bảng cho bảng `khachsan`
--
CREATE TABLE IF NOT EXISTS `khachsan` (
  `id` int(11) NOT NULL AUTO_INCREMENT,
  `name` varchar(255) NOT NULL,
  `address` varchar(255) NOT NULL,
  `stars` int(11) NOT NULL DEFAULT 4,
  `price` double NOT NULL DEFAULT 0,
  `price_sale` double DEFAULT 0,
  `image` varchar(255) NOT NULL,
  `location` varchar(100) NOT NULL,
  `views` int(11) NOT NULL DEFAULT 0,
  `category` varchar(100) DEFAULT 'Khách sạn',
  `region` varchar(50) DEFAULT 'Miền Bắc',
  PRIMARY KEY (`id`)
) ENGINE=InnoDB DEFAULT CHARSET=utf8mb4 COLLATE=utf8mb4_unicode_ci;

-- Thêm dữ liệu mẫu cho bảng `khachsan`
INSERT INTO `khachsan` (`id`, `name`, `address`, `stars`, `price`, `price_sale`, `image`, `location`, `views`, `category`, `region`) VALUES
(1, 'Khách sạn Lucky Phú Quốc', '98 Nguyễn Huệ - Phú Quốc', 4, 680000, 500000, 'uploads/hotel1.jpg', 'Phú Quốc', 45, 'Khách sạn', 'Miền Nam'),
(2, 'Khách sạn Phú Quý Nha Trang', '98 Trần Phú - Nha Trang', 4, 580000, 480000, 'uploads/hotel2.jpg', 'Nha Trang', 38, 'Khách sạn', 'Miền Trung'),
(3, 'Khách sạn Maria Ninh Bình', '200 Trần Phú - Ninh Bình', 4, 780000, 600000, 'uploads/hotel3.jpg', 'Ninh Bình', 52, 'Khách sạn', 'Miền Bắc'),
(4, 'KHÁCH SẠN A LA CARTE ĐÀ NẴNG BEACH', '200 Võ Nguyên Giáp - Đà Nẵng', 4, 1080000, 985000, 'uploads/hotel_alacarte.png', 'Đà Nẵng', 75, 'KHÁCH SẠN MIỀN TRUNG', 'Miền Trung'),
(5, 'Vinpearl Nha Trang Resort', 'Hòn Tre - Nha Trang', 5, 1350000, 1100000, 'uploads/hotel5.jpg', 'Nha Trang', 110, 'Khách sạn', 'Miền Trung'),
(6, 'KHÁCH SẠN GOLD ĐÀ NẴNG', '24 Núi Thành - Đà Nẵng', 4, 800000, 425000, 'uploads/hotel_gold.png', 'Đà Nẵng', 29, 'KHÁCH SẠN MIỀN TRUNG', 'Miền Trung'),
(7, 'Khách sạn Hoa Cực Bắc Hà Giang', 'Đồng Văn - Hà Giang', 3, 450000, 350000, 'uploads/hotel_hagiang1.jpg', 'Hà Giang', 12, 'Khách sạn', 'Miền Bắc'),
(8, 'H\'Mông Village Resort Hà Giang', 'Quản Bạ - Hà Giang', 4, 950000, 800000, 'uploads/hotel_hagiang2.jpg', 'Hà Giang', 24, 'Khách sạn', 'Miền Bắc'),
(9, 'FAMIANA RESORT & SPA PHÚ QUỐC', 'Đường Trần Hưng Đạo, Cửa Lấp, Phú Quốc', 5, 2350000, 1808000, 'uploads/hotel_famiana.png', 'Phú Quốc', 150, 'KHÁCH SẠN', 'Miền Nam'),
(10, 'SHERATON NHA TRANG HOTEL & SPA', '26-28 Trần Phú, Lộc Thọ, Nha Trang', 5, 5600000, 2815000, 'uploads/hotel_sheraton.png', 'Nha Trang', 200, 'KHÁCH SẠN', 'Miền Trung'),
(11, 'MUONG THANH GRAND HA LONG HOTEL', 'Đường Hạ Long, Bãi Cháy, Hạ Long', 4, 1600000, 1280000, 'uploads/hotel_halong.png', 'Hạ Long', 90, 'KHÁCH SẠN', 'Miền Bắc'),
(12, 'SAPA JADE HILL RESORT & SPA', 'Mường Hoa, Ý Linh Hồ, Sapa', 4, 2800000, 2240000, 'uploads/hotel_sapa.png', 'Sapa', 110, 'KHÁCH SẠN', 'Miền Bắc'),
(13, 'SOFITEL LEGEND METROPOLE HANOI', '15 Ngô Quyền, Hoàn Kiếm, Hà Nội', 5, 5500000, 4400000, 'uploads/hotel_hanoi.png', 'Hà Nội', 140, 'KHÁCH SẠN', 'Miền Bắc'),
(14, 'FOUR SEASONS RESORT THE NAM HAI', 'Điện Dương, Điện Bàn, Hội An', 5, 9500000, 8000000, 'uploads/hotel_hoian.png', 'Hội An', 130, 'KHÁCH SẠN MIỀN TRUNG', 'Miền Trung'),
(15, 'THE REVERIE SAIGON HOTEL', '22-36 Nguyễn Huệ, Quận 1, TP. HCM', 5, 6200000, 5000000, 'uploads/hotel_saigon.png', 'miền Nam', 170, 'KHÁCH SẠN', 'Miền Nam'),
(16, 'AZERAI CAN THO RESORT', 'Cồn Ấu, Cái Răng, Cần Thơ', 5, 3800000, 3100000, 'uploads/hotel_saigon.png', 'miền Nam', 95, 'KHÁCH SẠN', 'Miền Nam'),
(17, 'NOVOTEL PHU QUOC RESORT', 'Đường Bào, Dương Tơ, Phú Quốc', 4, 2500000, 1950000, 'uploads/hotel1.jpg', 'Phú Quốc', 115, 'KHÁCH SẠN', 'Miền Nam'),
(18, 'PULLMAN SAIGON CENTRE', '148 Trần Hưng Đạo, Quận 1, TP. HCM', 5, 3500000, 2800000, 'uploads/hotel_saigon.png', 'miền Nam', 125, 'KHÁCH SẠN', 'Miền Nam'),
(19, 'Silk Path Grand Resort Sapa', 'Đồi Quan Phạn, Sapa', 5, 2500000, 1950000, 'uploads/hotel_silkpath.png', 'Sapa', 85, 'KHÁCH SẠN', 'Miền Bắc'),
(20, 'InterContinental Danang Resort', 'Bán đảo Sơn Trà, Đà Nẵng', 5, 7500000, 6200000, 'uploads/hotel_intercon.png', 'Đà Nẵng', 120, 'KHÁCH SẠN', 'Miền Trung'),
(21, 'Caravelle Hotel Saigon', '19-23 Công Trường Lam Sơn, Quận 1, TP. HCM', 5, 3500000, 2900000, 'uploads/hotel_caravelle.png', 'miền Nam', 95, 'KHÁCH SẠN', 'Miền Nam'),
(22, 'Melia Ba Vi Mountain Retreat', 'Vườn quốc gia Ba Vì, Hà Nội', 5, 3500000, 3000000, 'uploads/hotel3.jpg', 'Hà Nội', 45, 'Resort', 'Miền Bắc'),
(23, 'Flamingo Dai Lai Resort', 'Ngọc Thanh, Phúc Yên, Vĩnh Phúc', 5, 2800000, 2400000, 'uploads/hotel4.jpg', 'miền Bắc', 60, 'Resort', 'Miền Bắc'),
(24, 'Amanoi Resort Ninh Thuan', 'Vĩnh Hy, Ninh Hải, Ninh Thuận', 5, 15000000, 12000000, 'uploads/hotel5.jpg', 'miền Trung', 95, 'Resort', 'Miền Trung'),
(25, 'Six Senses Ninh Van Bay', 'Ninh Vân, Ninh Hòa, Khánh Hòa', 5, 9000000, 7800000, 'uploads/hotel6.jpg', 'Nha Trang', 88, 'Resort', 'Miền Trung'),
(26, 'Banyan Tree Lang Co', 'Lộc Vĩnh, Phú Lộc, Thừa Thiên Huế', 5, 6800000, 5500000, 'uploads/hotel2.jpg', 'Huế', 72, 'Resort', 'Miền Trung'),
(27, 'Ana Mandara Villas Dalat Resort & Spa', 'Lê Lai, Phường 5, Đà Lạt', 5, 2500000, 2100000, 'uploads/hotel3.jpg', 'Đà Lạt', 54, 'Resort', 'Miền Trung'),
(28, 'Legacy Yen Tu - MGallery', 'Uông Bí, Quảng Ninh', 5, 3200000, 2700000, 'uploads/hotel1.jpg', 'miền Bắc', 83, 'Khách sạn', 'Miền Bắc'),
(29, 'Anantara Quy Nhon Villas', 'Ghềnh Ráng, Quy Nhơn', 5, 8500000, 7200000, 'uploads/hotel2.jpg', 'Quy Nhơn', 41, 'Resort', 'Miền Trung'),
(30, 'JW Marriott Phu Quoc Emerald Bay', 'Bãi Khem, Phú Quốc', 5, 6500000, 5500000, 'uploads/hotel_famiana.png', 'Phú Quốc', 110, 'Resort', 'Miền Nam'),
(31, 'Imperial Hotel Vung Tau', '159 Thùy Vân, Vũng Tàu', 5, 2200000, 1800000, 'uploads/hotel_saigon.png', 'miền Nam', 65, 'Khách sạn', 'Miền Nam'),
(32, 'Victoria Nui Sam Lodge', 'Núi Sam, Châu Đốc, An Giang', 3, 1500000, 1200000, 'uploads/hotel1.jpg', 'miền Nam', 39, 'Khách sạn', 'Miền Nam'),
(33, 'Topas Ecolodge Sapa', 'Thanh Kim, Sapa', 4, 4500000, 3800000, 'uploads/hotel_sapa.png', 'Sapa', 124, 'Resort', 'Miền Bắc'),
(34, 'Pao Sapa Leisure Hotel', 'Mường Hoa, Sapa', 5, 1800000, 1500000, 'uploads/hotel_silkpath.png', 'Sapa', 92, 'Khách sạn', 'Miền Bắc'),
(35, 'Fleur de Lys Hotel Quy Nhon', '16 Nguyễn Huệ, Quy Nhơn', 4, 1600000, 1300000, 'uploads/hotel2.jpg', 'Quy Nhơn', 48, 'Khách sạn', 'Miền Trung'),
(36, 'Muong Thanh Luxury Da Nang', '270 Võ Nguyên Giáp, Đà Nẵng', 5, 1800000, 1400000, 'uploads/hotel_alacarte.png', 'Đà Nẵng', 87, 'Khách sạn', 'Miền Trung'),
(37, 'Avani Quy Nhon Resort', 'Ghềnh Ráng, Quy Nhơn', 4, 2500000, 2100000, 'uploads/hotel2.jpg', 'Quy Nhơn', 53, 'Resort', 'Miền Trung'),
(38, 'Premier Village Phu Quoc Resort', 'Mũi Ông Đội, Phú Quốc', 5, 7500000, 6200000, 'uploads/hotel_famiana.png', 'Phú Quốc', 94, 'Resort', 'Miền Nam'),
(39, 'Pullman Danang Beach Resort', 'Võ Nguyên Giáp, Đà Nẵng', 5, 3500000, 2900000, 'uploads/hotel_intercon.png', 'Đà Nẵng', 105, 'Resort', 'Miền Trung'),
(40, 'Rex Hotel Saigon', '141 Nguyễn Huệ, Quận 1, TP. HCM', 5, 2800000, 2200000, 'uploads/hotel_caravelle.png', 'miền Nam', 77, 'Khách sạn', 'Miền Nam'),
(41, 'Marina Bay Sands Singapore', '10 Bayfront Ave, Singapore', 5, 8500000, 7500000, 'uploads/hotel_foreign3.png', 'Singapore', 250, 'Resort', 'Nước Ngoài'),
(42, 'The Ritz-Carlton Tokyo', '9-7-1 Akasaka, Minato-ku, Tokyo, Nhật Bản', 5, 12000000, 10500000, 'uploads/hotel_foreign1.png', 'Tokyo', 180, 'Khách sạn', 'Nước Ngoài'),
(43, 'Shangri-La Hotel Paris', '10 Avenue d\'Iéna, Paris, Pháp', 5, 15000000, 13000000, 'uploads/hotel_foreign2.png', 'Paris', 210, 'Khách sạn', 'Nước Ngoài'),
(44, 'The Savoy London', 'Strand, London, Anh', 5, 9500000, 8500000, 'uploads/hotel_foreign4.png', 'London', 140, 'Khách sạn', 'Nước Ngoài'),
(45, 'Four Seasons Hotel Seoul', '97 Saemunan-ro, Jongno-gu, Seoul, Hàn Quốc', 5, 6800000, 5800000, 'uploads/hotel_foreign5.png', 'Seoul', 130, 'Khách sạn', 'Nước Ngoài'),
(46, 'Mandarin Oriental Bangkok', '48 Oriental Ave, Bangkok, Thái Lan', 5, 5500000, 4800000, 'uploads/hotel_foreign6.png', 'Bangkok', 195, 'Resort', 'Nước Ngoài'),
(47, 'Park Hyatt Sydney', '7 Hickson Rd, The Rocks, Sydney, Úc', 5, 11000000, 9500000, 'uploads/hotel_foreign7.png', 'Sydney', 110, 'Khách sạn', 'Nước Ngoài'),
(48, 'Burj Al Arab Jumeirah Dubai', 'Umm Suqeim 3, Dubai, UAE', 5, 25000000, 22000000, 'uploads/hotel_foreign8.png', 'Dubai', 320, 'Resort', 'Nước Ngoài'),
(49, 'Hotel Splendide Royal Rome', 'Via di Porta Pinciana 14, Rome, Ý', 5, 7800000, 6800000, 'uploads/hotel_foreign9.png', 'Rome', 95, 'Khách sạn', 'Nước Ngoài'),
(50, 'The Peninsula Shanghai', '32 Zhongshan East 1st Rd, Thượng Hải, Trung Quốc', 5, 6500000, 5600000, 'uploads/hotel_foreign10.png', 'Thượng Hải', 115, 'Khách sạn', 'Nước Ngoài');

-- --------------------------------------------------------
-- Cấu trúc bảng cho bảng `diemden`
--
CREATE TABLE IF NOT EXISTS `diemden` (
  `id` int(11) NOT NULL AUTO_INCREMENT,
  `name` varchar(255) NOT NULL,
  `image` varchar(255) NOT NULL,
  PRIMARY KEY (`id`)
) ENGINE=InnoDB DEFAULT CHARSET=utf8mb4 COLLATE=utf8mb4_unicode_ci;

-- Thêm dữ liệu mẫu cho bảng `diemden`
INSERT INTO `diemden` (`id`, `name`, `image`) VALUES
(1, 'Anh', 'uploads/fav_uk.png'),
(2, 'Đức', 'uploads/fav_germany.png'),
(3, 'Pháp', 'uploads/fav_france.png'),
(4, 'New Delhi (Ấn Độ)', 'uploads/fav_india.png'),
(5, 'Việt Nam', 'uploads/fav_vietnam.png'),
(6, 'Ý', 'uploads/fav_italy.png'),
(7, 'Nhật Bản', 'uploads/fav_japan.png'),
(8, 'Trung Quốc', 'uploads/fav_china.png');

-- --------------------------------------------------------
-- Cấu trúc bảng cho bảng `tintuc`
--
CREATE TABLE IF NOT EXISTS `tintuc` (
  `id` int(11) NOT NULL AUTO_INCREMENT,
  `title` varchar(255) NOT NULL,
  `image` varchar(255) NOT NULL,
  `description` text NOT NULL,
  `date` varchar(50) NOT NULL DEFAULT '02 Th11',
  PRIMARY KEY (`id`)
) ENGINE=InnoDB DEFAULT CHARSET=utf8mb4 COLLATE=utf8mb4_unicode_ci;

-- Thêm dữ liệu mẫu cho bảng `tintuc`
INSERT INTO `tintuc` (`id`, `title`, `image`, `description`, `date`) VALUES
(1, 'Kinh nghiệm Phượt Tây Bắc mùa Đông', 'uploads/news1.png', 'Sà bài đi!!! Việt Anh vừa kết thúc chuyến du lịch Lào tự túc trong 10 ngày, và giờ mình đang rất háo hức chia sẻ lại những kỷ niệm đẹp trong chuyến đi...', '02 Th11'),
(2, 'Kinh nghiệm check-in Đà Lạt mùa đông', 'uploads/news2.png', 'Sà bài đi!!! Việt Anh vừa kết thúc chuyến du lịch Lào tự túc trong 10 ngày, và giờ mình đang rất háo hức chia sẻ lại những kỷ niệm đẹp trong chuyến đi...', '05 Th11'),
(3, 'Kinh nghiệm du lịch tự túc Sapa 3 ngày 2 đêm', 'uploads/news3.png', 'Sà bài đi!!! Việt Anh vừa kết thúc chuyến du lịch Lào tự túc trong 10 ngày, và giờ mình đang rất háo hức chia sẻ lại những kỷ niệm đẹp trong chuyến đi...', '10 Th11'),
(4, 'Chia sẻ kinh nghiệm du lịch Luang Prabang tự túc', 'uploads/news4.png', 'Sà bài đi!!! Việt Anh vừa kết thúc chuyến du lịch Lào tự túc trong 10 ngày, và giờ mình đang rất háo hức chia sẻ lại những kỷ niệm đẹp trong chuyến đi...', '12 Th11'),
(5, 'Du lịch Đà Lạt – đừng quên ghé check-in đồi chè Cầu Đất', 'uploads/news5.png', 'Ai ai từng một lần đến du lịch Đà Lạt đều chẳng thể bỏ qua việc ghé...', '15 Th11'),
(6, 'Hành trình khám phá Hà Giang hùng vĩ qua những cung đèo', 'uploads/news6.png', 'Cùng xách ba lô lên đi khám phá vẻ đẹp kỳ vĩ của cao nguyên đá Đồng Văn Hà Giang, ngắm hoa tam giác mạch và trải nghiệm văn hóa độc đáo...', '18 Th11'),
(7, 'Kinh nghiệm du lịch Vịnh Hạ Long trọn gói 2 ngày 1 đêm', 'uploads/news7.png', 'Chia sẻ cẩm nang chi tiết nhất về kỳ nghỉ dưỡng đẳng cấp trên du thuyền Hạ Long 5 sao, các hoạt động chèo kayak và khám phá hang động...', '20 Th11'),
(8, 'Top 10 địa danh check-in cực hot tại Phú Quốc không thể bỏ lỡ', 'uploads/news8.png', 'Phú Quốc không chỉ nổi tiếng với biển xanh cát trắng, mà còn thu hút giới trẻ bởi những tọa độ sống ảo triệu like cực sang chảnh...', '22 Th11'),
(9, 'Ăn gì ở Đà Nẵng? Cẩm nang ẩm thực miền Trung siêu chi tiết', 'uploads/news9.png', 'Đà Nẵng không chỉ là thành phố đáng sống mà còn là thiên đường ẩm thực miền Trung với bánh tráng cuốn thịt heo, mì Quảng, chả bò...', '25 Th11'),
(10, 'Khám phá vẻ đẹp cổ kính bình yên của Phố Cổ Hội An', 'uploads/news10.png', 'Dạo bước dưới những ánh đèn lồng rực rỡ sắc màu, chiêm ngưỡng những ngôi nhà tường vàng mái ngói rêu phong tại Phố Cổ Hội An lãng mạn...', '28 Th11'),
(11, 'Trekking Mù Căng Chải ngắm mùa lúa chín vàng óng ả', 'uploads/news11.png', 'Khám phá vẻ đẹp ngoạn mục của những thửa ruộng bậc thang kỳ vĩ nhất Việt Nam, lưu giữ những khung cảnh lúa chín óng vàng lấp lánh...', '01 Th12'),
(12, 'Chia sẻ lịch trình du lịch tự túc Nha Trang cực kỳ tiết kiệm', 'uploads/news12.png', 'Bật mí chi phí và các mẹo đặt phòng khách sạn, thuê xe máy và tour đảo giá rẻ khi đi du lịch Nha Trang tự túc cùng nhóm bạn thân...', '03 Th12'),
(13, 'Kinh nghiệm đi tour du lịch Cửu Trại Câu Trung Quốc từ A đến Z', 'uploads/news13.png', 'Khám phá thiên đường hạ giới Cửu Trại Câu với những hồ nước ngũ sắc trong vắt phản chiếu núi rừng và những ngọn thác hùng vĩ kỳ ảo...', '05 Th12'),
(14, 'Du lịch tự túc Tokyo Nhật Bản: Đi lại, ăn uống và vui chơi', 'uploads/news14.png', 'Cẩm nang hướng dẫn đầy đủ từ việc xin visa, mua thẻ tàu JR Pass đến các điểm tham quan hot nhất tại thủ đô Tokyo sầm uất...', '08 Th12'),
(15, 'Trải nghiệm hành trình khám phá Châu Âu cổ kính qua 3 quốc gia', 'uploads/news15.png', 'Liên tuyến du lịch Đức - Pháp - Thụy Sỹ ngắm nhìn những tòa lâu đài cổ, leo đỉnh núi tuyết Titlis hùng vĩ và dạo phố cổ lãng mạn...', '10 Th12'),
(16, 'Du lịch tự túc Đài Loan: Mua sắm thả ga tại chợ đêm Sĩ Lâm', 'uploads/news16.png', 'Đến với Đài Loan, đừng bỏ lỡ cơ hội thưởng thức trà sữa trân châu truyền thống, đậu phụ thối và mua sắm thỏa thích tại các chợ đêm...', '12 Th12'),
(17, 'Khám phá đảo ngọc Cát Bà hoang sơ và kỳ vĩ miền Bắc', 'uploads/news17.png', 'Trải nghiệm chèo thuyền kayak trên vịnh Lan Hạ, trekking vườn quốc gia Cát Bà hoang dã và tận hưởng kỳ nghỉ yên bình bên biển xanh...', '15 Th12'),
(18, 'Lịch trình phượt Cao Nguyên Đá Đồng Văn bằng xe máy 3 ngày', 'uploads/news18.png', 'Hành trình chinh phục cực Bắc tổ quốc bằng xe máy qua dốc Thẩm Mã, cổng trời Quản Bạ, đèo Mã Pí Lèng huyền thoại đầy phấn khích...', '18 Th12'),
(19, 'Kinh nghiệm du lịch tâm linh chùa Bái Đính Ninh Bình đầu năm', 'uploads/news19.png', 'Hướng dẫn chi tiết lịch trình chiêm bái ngôi chùa lớn nhất Đông Nam Á, kết hợp ngồi thuyền khám phá danh thắng Tràng An non nước...', '22 Th12'),
(20, 'Du lịch tự túc Singapore tiết kiệm chi phí tham quan', 'uploads/news20.png', 'Cách săn vé máy bay giá rẻ, lưu trú homestay và tận hưởng các địa điểm tham quan miễn phí cực kỳ nổi tiếng tại quốc đảo sư tử...', '25 Th12'),
(21, 'Kinh nghiệm khám phá cố đô Huế mộng mơ và cổ kính', 'uploads/news21.png', 'Tham quan Đại Nội cổ kính linh thiêng, viếng lăng tẩm các vị vua triều Nguyễn và thưởng thức trà cung đình Huế đượm vị thơm nồng...', '28 Th12'),
(22, 'Phượt Mũi Né Phan Thiết ngắm đồi cát bay lộng gió', 'uploads/news22.png', 'Check-in đồi cát trắng, đồi cát đỏ kỳ thú tại Phan Thiết, trải nghiệm đua xe địa hình vượt cát và ngắm hoàng hôn buông lãng mạn...', '30 Th12'),
(23, 'Cẩm nang du lịch Miền Tây sông nước: Cần Thơ - Bến Tre', 'uploads/news23.png', 'Trải nghiệm nét văn hóa chợ nổi Cái Răng từ sáng sớm, dạo vườn trái cây trĩu quả và nghe đờn ca tài tử đặc trưng Nam Bộ...', '02 Th01'),
(24, 'Trekking vườn quốc gia Phong Nha Kẻ Bàng Quảng Bình', 'uploads/news24.png', 'Hành trình thám hiểm hang động kỳ vĩ, khám phá hệ sinh thái rừng nguyên sinh hoang dã độc đáo của di sản thiên nhiên thế giới...', '05 Th01'),
(25, 'Du lịch Hàn Quốc mùa hoa anh đào nở rộ cực kỳ lãng mạn', 'uploads/news25.png', 'Chiêm ngưỡng sắc hồng phấn rực rỡ của hoa anh đào khắp đường phố Seoul, công viên Yeouido và đảo Nami thanh bình thơ mộng...', '08 Th01'),
(26, 'Kinh nghiệm đi tour du lịch Dubai chi tiết cho người đi lần đầu', 'uploads/news26.png', 'Trải nghiệm cuộc sống thượng lưu, check-in khách sạn 7 sao Burj Al Arab, tham quan sa mạc Safari và thử thách cưỡi lạc đà đầy thú vị...', '10 Th01'),
(27, 'Khám phá tháp Eiffel và những điểm check-in hot nhất tại Paris', 'uploads/news27.png', 'Kinh nghiệm tham quan thủ đô Paris tráng lệ nước Pháp, đi du thuyền sông Seine thơ mộng và chụp ảnh cực nghệ tại quảng trường Trocadero...', '12 Th01'),
(28, 'Hành trình ngắm nhà hát con sò và cầu cảng Sydney nước Úc', 'uploads/news28.png', 'Khám phá thành phố cảng Sydney năng động, dạo chơi trên bãi biển Bondi cát trắng, ngắm hoàng hôn buông xuống cầu cảng Sydney nguy nga...', '15 Th01'),
(29, 'Kinh nghiệm săn tuyết mùa đông trên đỉnh Fansipan Sapa', 'uploads/news29.png', 'Chia sẻ những khoảnh khắc tuyệt vời khi chinh phục nóc nhà Đông Dương Fansipan ngập tràn tuyết trắng và băng giá kỳ ảo vào mùa đông...', '18 Th01'),
(30, 'Ăn hải sản tôm cua ngập tràn tại đảo Bình Ba Nha Trang', 'uploads/news30.png', 'Trải nghiệm đảo tôm hùm Bình Ba hoang sơ yên bình, thưởng thức hải sản tươi ngon đầm ấm ngay tại các nhà bè lộng gió đại dương...', '20 Th01'),
(31, 'Du lịch Thổ Nhĩ Kỳ bay khinh khí cầu ngắm thung lũng đá kỳ vĩ', 'uploads/news31.png', 'Hành trình bay khinh khí cầu ngắm bình minh trên thung lũng đá Cappadocia kỳ vĩ, tham quan thánh đường xanh Blue Mosque lộng lẫy...', '22 Th01'),
(32, 'Khám phá phố cổ Thượng Hải hiện đại pha lẫn cổ kính', 'uploads/news32.png', 'Check-in bến Thượng Hải sầm uất, dạo bước qua dự viên cổ kính hơn 400 năm tuổi và thưởng thức món bánh bao nước độc đáo...', '25 Th01'),
(33, 'Trải nghiệm leo đèo Mã Pí Lèng ngắm dòng sông Nho Quế xanh biếc', 'uploads/news33.png', 'Hành trình trekking leo núi hiểm trở ngắm trọn vẹn sự hùng vĩ của hẻm vực Tu Sản sâu nhất Đông Nam Á bên sông Nho Quế xanh lục...', '28 Th01'),
(34, 'Du lịch tự túc Bangkok Thái Lan: Đi đâu, chơi gì, ăn gì?', 'uploads/news34.png', 'Hướng dẫn chi tiết mua sắm tại chợ chatuchak, viếng đền bốn mặt linh thiêng và thưởng thức ẩm thực đường phố pad thai cay nồng...', '01 Th02'),
(35, 'Kinh nghiệm ngắm lá đỏ mùa thu tuyệt đẹp tại Kyoto Nhật Bản', 'uploads/news35.png', 'Hành trình chiêm ngưỡng cố đô Kyoto chìm đắm trong sắc phong đỏ rực rỡ, viếng chùa vàng Kinkakuji thanh bình lấp lánh ánh kim...', '03 Th02'),
(36, 'Khám phá đấu trường La Mã cổ kính Colosseum tại Rome nước Ý', 'uploads/news36.png', 'Tham quan công trình kiến trúc biểu tượng vĩ đại của đế chế La Mã cổ đại, tìm hiểu lịch sử đấu sĩ hào hùng đầy bí ẩn...', '05 Th02'),
(37, 'Trải nghiệm kỳ nghỉ dưỡng thượng lưu trên du thuyền Hạ Long 5 sao', 'uploads/news37.png', 'Thư giãn tuyệt đối trên du thuyền sang trọng, thưởng thức ẩm thực buffet hải sản biển và ngắm bình minh tuyệt đẹp trên vịnh Hạ Long...', '08 Th02'),
(38, 'Kinh nghiệm tham quan cung điện Versailles tráng lệ tại Pháp', 'uploads/news38.png', 'Khám phá cung điện hoàng gia xa hoa bậc nhất thế giới với sảnh gương lấp lánh và khu vườn ngự uyển rộng lớn tuyệt đẹp...', '10 Th02'),
(39, 'Top 5 bãi tắm cát trắng mịn hoang sơ nhất tại đảo ngọc Phú Quốc', 'uploads/news39.png', 'Cẩm nang khám phá các bãi tắm thiên đường hoang sơ ít người biết tại Phú Quốc như Bãi Sao, Bãi Khem, bãi tắm hòn Móng Tay...', '12 Th02'),
(40, 'Du lịch tự túc Seoul: Hướng dẫn chi tiết cách đi tàu điện ngầm', 'uploads/news40.png', 'Tự tin vi vu khám phá thủ đô Seoul Hàn Quốc với cẩm nang đi lại bằng tàu điện ngầm siêu rẻ, tiện lợi và an toàn nhất...', '15 Th02');

-- --------------------------------------------------------
-- Cấu trúc bảng cho bảng `banner`
--
CREATE TABLE IF NOT EXISTS `banner` (
  `id` int(11) NOT NULL AUTO_INCREMENT,
  `name` varchar(255) NOT NULL,
  `image` varchar(255) NOT NULL,
  `url` varchar(255) NOT NULL,
  `position` varchar(50) NOT NULL,
  `tag` varchar(255) DEFAULT NULL,
  `title` varchar(255) DEFAULT NULL,
  `subtitle` varchar(255) DEFAULT NULL,
  `description` text DEFAULT NULL,
  `btn_text` varchar(100) DEFAULT NULL,
  PRIMARY KEY (`id`)
) ENGINE=InnoDB DEFAULT CHARSET=utf8mb4 COLLATE=utf8mb4_unicode_ci;

-- Thêm dữ liệu mẫu cho bảng `banner`
INSERT INTO `banner` (`id`, `name`, `image`, `url`, `position`, `tag`, `title`, `subtitle`, `description`, `btn_text`) VALUES
(1, 'Slide Hạ Long', 'uploads/slide1.jpg', 'index.php?act=sanphamct&id=1', 'slider', 'Tour Bán Chạy Nhất Hè 2026', 'TOUR HẠ LONG', 'chỉ từ <span>1.200.000đ</span>', 'Khám phá vẻ đẹp kỳ vĩ của Vịnh Hạ Long trên du thuyền sang trọng 5 sao, tham quan đảo Ti Tốp, Hang Sửng Sốt với mức giá cực kỳ ưu đãi.', 'Xem Chi Tiết Ngay'),
(2, 'Slide Phú Quốc', 'uploads/slide2.jpg', 'index.php?act=sanphamct&id=6', 'slider', 'Du lịch 4 ngày 3 đêm', 'PHÚ QUỐC', 'Vinpearl &amp; Safari chỉ từ <span>5.990.000đ</span>', 'Hành trình khám phá Đảo Ngọc xuất phát từ Hà Nội. Trọn gói vé máy bay khứ hồi, vui chơi không giới hạn tại VinWonders, Safari.', 'Hotline: 1900 0059'),
(3, 'Slide Sapa', 'uploads/slide3.jpg', 'index.php?act=sanphamct&id=2', 'slider', 'Nóc nhà Đông Dương', 'TOUR SAPA', 'Fansipan hùng vĩ chỉ từ <span>2.790.000đ</span>', 'Trải nghiệm cáp treo 3 dây hiện đại, ngắm toàn cảnh thung lũng Mường Hoa thơ mộng trong làn sương mù mờ ảo của thị trấn Sapa.', 'Đặt Tour Sapa'),
(4, 'Slide Đà Nẵng', 'uploads/slide4.jpg', 'index.php?act=sanphamct&id=3', 'slider', 'Thành Phố Đáng Sống', 'TOUR ĐÀ NẴNG', 'Bà Nà Hills chỉ từ <span>3.990.000đ</span>', 'Khám phá con đường di sản Miền Trung. Chiêm ngưỡng Cầu Vàng nổi tiếng thế giới tại Bà Nà Hills, dạo phố cổ Hội An rực rỡ.', 'Xem Chi Tiết'),
(5, 'Promo Banner 1', 'uploads/promo_banner1.png', 'index.php?act=sanpham', 'promo', NULL, 'Tết thật gần - Du lịch thật đã', NULL, NULL, NULL),
(6, 'Promo Banner 2', 'uploads/promo_banner2.png', 'index.php?act=sanpham', 'promo', NULL, 'Combo Hè cực hot - Giảm 40%', NULL, NULL, NULL),
(7, 'Sidebar Ad Banner', 'uploads/ninhchu_ad.jpg', 'index.php?act=sanpham&keyword=Ninh+Ch%E1%BB%AF', 'sidebar', NULL, 'Tour du lịch Ninh Chữ', NULL, NULL, NULL);

-- --------------------------------------------------------
-- Cấu trúc bảng cho bảng `binhluan`
--
CREATE TABLE IF NOT EXISTS `binhluan` (
  `id` int(11) NOT NULL AUTO_INCREMENT,
  `content` text NOT NULL,
  `id_user` int(11) NOT NULL,
  `id_pro` int(11) NOT NULL,
  `date` varchar(50) NOT NULL,
  PRIMARY KEY (`id`),
  KEY `fk_binhluan_taikhoan` (`id_user`),
  KEY `fk_binhluan_sanpham` (`id_pro`),
  CONSTRAINT `fk_binhluan_taikhoan` FOREIGN KEY (`id_user`) REFERENCES `taikhoan` (`id`) ON DELETE CASCADE ON UPDATE CASCADE,
  CONSTRAINT `fk_binhluan_sanpham` FOREIGN KEY (`id_pro`) REFERENCES `sanpham` (`id`) ON DELETE CASCADE ON UPDATE CASCADE
) ENGINE=InnoDB DEFAULT CHARSET=utf8mb4 COLLATE=utf8mb4_unicode_ci;

-- Thêm dữ liệu mẫu cho bảng `binhluan`
INSERT INTO `binhluan` (`id`, `content`, `id_user`, `id_pro`, `date`) VALUES
(1, 'Chuyến đi tuyệt vời quá, hướng dẫn viên rất nhiệt tình và chu đáo!', 1, 1, '20:45 13/06/2026'),
(2, 'Khách sạn ở Sapa đẹp lung linh, đồ ăn ngon, nhất định sẽ đi lại.', 1, 2, '20:46 13/06/2026'),
(3, 'Dịch vụ của Travel Plus rất chuyên nghiệp, gia đình mình ai cũng hài lòng.', 2, 3, '08:15 14/06/2026'),
(4, 'Bà Nà Hills quá đẹp, đặc biệt là Cầu Vàng, tour đi rất đúng giờ.', 1, 3, '09:30 14/06/2026'),
(5, 'Nha Trang biển xanh cát trắng nắng vàng, hải sản tươi ngon tuyệt vời.', 2, 4, '10:05 14/06/2026'),
(6, 'Thời tiết Đà Lạt lạnh lạnh thích ghê, check-in đồi chè Cầu Đất chụp ảnh siêu ảo.', 1, 5, '11:20 14/06/2026'),
(7, 'Tour Phú Quốc trọn gói giá rất rẻ, khách sạn đẹp ngay sát biển.', 2, 6, '12:45 14/06/2026'),
(8, 'Đến miền Tây sông nước được đi xuồng ba lá, ăn trái cây chín ngọt tận vườn.', 1, 7, '14:15 14/06/2026'),
(9, 'Bangkok nhộn nhịp, Pattaya biển đẹp, show diễn vô cùng hoành tráng.', 2, 8, '15:30 14/06/2026'),
(10, 'Singapore hiện đại và sạch sẽ, hướng dẫn viên thuyết minh rất hay.', 1, 9, '16:45 14/06/2026'),
(11, 'Đồ ăn Hàn Quốc rất ngon, đặc biệt là kim chi và thịt nướng, sẽ quay lại lần sau.', 2, 23, '17:10 14/06/2026'),
(12, 'Dubai cực kỳ sang chảnh, trải nghiệm đi xe jeep trên sa mạc rất phấn khích.', 1, 24, '18:22 14/06/2026'),
(13, 'Nhật Bản mùa hoa anh đào đẹp như tranh vẽ, tour tổ chức rất chu đáo.', 2, 17, '19:05 14/06/2026'),
(14, 'Cáp treo Fansipan đi rất êm, lên đỉnh săn mây chụp ảnh tuyệt vời.', 1, 2, '20:12 14/06/2026'),
(15, 'Du thuyền Hạ Long 5 sao cực kỳ sang trọng, phòng ốc sạch sẽ đầy đủ tiện nghi.', 2, 1, '21:30 14/06/2026'),
(16, 'Mù Căng Chải mùa lúa chín vàng óng ả, cảnh sắc ruộng bậc thang kỳ vĩ.', 1, 137, '07:15 15/06/2026'),
(17, 'Lần đầu đi tour Trung Quốc thấy rất hài lòng, đồ ăn hơi nhiều dầu mỡ nhưng hợp khẩu vị.', 2, 27, '08:42 15/06/2026'),
(18, 'Tour Châu Âu đi qua nhiều nước rất đẹp, lịch trình khoa học không bị mệt.', 1, 92, '09:50 15/06/2026'),
(19, 'Check-in tháp Eiffel Pháp cực kỳ sang chảnh, hướng dẫn viên chụp ảnh rất có tâm.', 2, 93, '10:15 15/06/2026'),
(20, 'Ninh Bình phong cảnh non nước hữu tình, đi thuyền Tràng An rất mát mẻ.', 1, 3, '11:30 15/06/2026'),
(21, 'Lịch trình tour hợp lý, thời gian tham quan các điểm rất thoải mái.', 2, 4, '12:05 15/06/2026'),
(22, 'Khách sạn ở Nha Trang view biển siêu đẹp, nhân viên phục vụ nhiệt tình.', 1, 4, '13:40 15/06/2026'),
(23, 'Đà Lạt mùa này hoa cẩm tú cầu nở rực rỡ, đi đâu cũng có ảnh đẹp mang về.', 2, 5, '14:22 15/06/2026'),
(24, 'Đồ ăn Phú Quốc ngon, đặc biệt là gỏi cá trích và bún quậy.', 1, 6, '15:10 15/06/2026'),
(25, 'Tour Singapore chất lượng cao, các điểm vui chơi giải trí rất hiện đại.', 2, 9, '16:05 15/06/2026'),
(26, 'Hành trình khám phá Tây Bắc hoang sơ kỳ vĩ, con người ở đây rất thân thiện.', 1, 131, '17:30 15/06/2026'),
(27, 'Mua sắm tại chợ đêm Thái Lan rất vui, nhiều món ăn đường phố độc lạ.', 2, 8, '18:45 15/06/2026'),
(28, 'Trải nghiệm du thuyền ngắm hoàng hôn vịnh Hạ Long thật lãng mạn.', 1, 1, '19:15 15/06/2026'),
(29, 'Fansipan lạnh tê tái nhưng bù lại săn được mây cực kỳ đẹp.', 2, 2, '20:02 15/06/2026'),
(30, 'Cầu Vàng Bà Nà Hills lúc sáng sớm sương mù mờ ảo đẹp như tiên cảnh.', 1, 3, '21:10 15/06/2026'),
(31, 'Hải sản Nha Trang tươi sống giá cả rất phải chăng, không bị chặt chém.', 2, 4, '08:30 16/06/2026'),
(32, 'Đồi chè Cầu Đất Đà Lạt rộng mênh mông, không khí trong lành mát mẻ.', 1, 5, '09:12 16/06/2026'),
(33, 'Lặn ngắm san hô ở Phú Quốc rất thú vị, nước biển trong vắt nhìn rõ đáy.', 2, 6, '10:05 16/06/2026'),
(34, 'Đi thuyền trên sông nước miền Tây được nghe đờn ca tài tử rất hay.', 1, 7, '11:20 16/06/2026'),
(35, 'Show diễn ở Pattaya hoành tráng và chuyên nghiệp, rất đáng tiền.', 2, 8, '12:45 16/06/2026'),
(36, 'Sân bay Changi Singapore quá đẹp và hiện đại, xứng danh top đầu thế giới.', 1, 9, '13:50 16/06/2026'),
(37, 'Tour Nhật Bản ngắm núi Phú Sĩ rất tuyệt vời, hướng dẫn viên chăm sóc chu đáo.', 2, 17, '14:15 16/06/2026'),
(38, 'Sa mạc Safari Dubai nắng nóng nhưng trải nghiệm cưỡi lạc đà rất vui.', 1, 24, '15:40 16/06/2026'),
(39, 'Ẩm thực Hàn Quốc phong phú, mì lạnh và bánh gạo cay ăn rất hợp thời tiết.', 2, 23, '16:22 16/06/2026'),
(40, 'Khách sạn trung tâm Sapa thuận tiện đi lại, nhân viên thân thiện.', 1, 2, '17:05 16/06/2026');

-- --------------------------------------------------------
-- Cấu trúc bảng cho bảng `bill`
--
CREATE TABLE IF NOT EXISTS `bill` (
  `id` int(11) NOT NULL AUTO_INCREMENT,
  `bill_code` varchar(50) NOT NULL UNIQUE,
  `id_user` int(11) DEFAULT NULL,
  `bill_name` varchar(255) NOT NULL,
  `bill_email` varchar(100) NOT NULL,
  `bill_phone` varchar(20) NOT NULL,
  `bill_address` varchar(255) NOT NULL,
  `bill_pttt` int(11) NOT NULL DEFAULT 0, -- 0: Chuyển khoản, 1: Trực tiếp khi đi tour
  `bill_total` double NOT NULL DEFAULT 0,
  `bill_status` int(11) NOT NULL DEFAULT 0, -- 0: Chờ xác nhận, 1: Đang chuẩn bị, 2: Đã khởi hành, 3: Đã huỷ
  `date_booking` varchar(50) NOT NULL,
  PRIMARY KEY (`id`),
  CONSTRAINT `fk_bill_taikhoan` FOREIGN KEY (`id_user`) REFERENCES `taikhoan` (`id`) ON DELETE SET NULL ON UPDATE CASCADE
) ENGINE=InnoDB DEFAULT CHARSET=utf8mb4 COLLATE=utf8mb4_unicode_ci;

-- --------------------------------------------------------
-- Cấu trúc bảng cho bảng `bill_detail`
--
CREATE TABLE IF NOT EXISTS `bill_detail` (
  `id` int(11) NOT NULL AUTO_INCREMENT,
  `id_bill` int(11) NOT NULL,
  `id_pro` int(11) NOT NULL,
  `name` varchar(255) NOT NULL,
  `image` varchar(255) NOT NULL,
  `price` double NOT NULL DEFAULT 0,
  `quantity` int(11) NOT NULL DEFAULT 1,
  `total` double NOT NULL DEFAULT 0,
  PRIMARY KEY (`id`),
  CONSTRAINT `fk_detail_bill` FOREIGN KEY (`id_bill`) REFERENCES `bill` (`id`) ON DELETE CASCADE ON UPDATE CASCADE
) ENGINE=InnoDB DEFAULT CHARSET=utf8mb4 COLLATE=utf8mb4_unicode_ci;

-- --------------------------------------------------------
-- Cấu trúc bảng cho bảng `dichvu`
--
CREATE TABLE IF NOT EXISTS `dichvu` (
  `id` int(11) NOT NULL AUTO_INCREMENT,
  `name` varchar(255) NOT NULL,
  `icon` varchar(100) DEFAULT '💼',
  `description` text DEFAULT NULL,
  `price` double NOT NULL DEFAULT 0,
  PRIMARY KEY (`id`)
) ENGINE=InnoDB DEFAULT CHARSET=utf8mb4 COLLATE=utf8mb4_unicode_ci;

-- Thêm dữ liệu mẫu cho bảng `dichvu`
INSERT INTO `dichvu` (`id`, `name`, `icon`, `description`, `price`) VALUES
(1, 'Làm Visa Nhanh', '🎫', 'Hỗ trợ tư vấn hồ sơ, làm thủ tục xin visa nhanh chóng cho các tour quốc tế (Châu Á, Châu Âu, Mỹ, Úc).', 1500000),
(2, 'Thuê Xe Du Lịch', '🚗', 'Dịch vụ cho thuê xe du lịch đời mới từ 4 đến 45 chỗ tự lái hoặc có tài xế phục vụ chuyên nghiệp suốt hành trình.', 1200000),
(3, 'Vé Máy Bay Giá Rẻ', '✈️', 'Đặt vé máy bay khứ hồi nội địa và quốc tế từ các hãng hàng không uy tín với mức chiết khấu cực tốt cho đoàn du lịch.', 3500000),
(4, 'Hướng Dẫn Viên Bản Địa', '🗣️', 'Cung cấp hướng dẫn viên năng động, nhiệt tình, am hiểu văn hóa và thông thạo ngoại ngữ dẫn đoàn trọn gói.', 800000),
(5, 'Bảo Hiểm Du Lịch', '🛡️', 'Gói bảo hiểm du lịch quốc tế và nội địa cao cấp của PVI/Bảo Việt bảo vệ tối đa quyền lợi khách hàng lên tới 100 triệu đồng.', 200000),
(6, 'Đặt Phòng Khách Sạn', '🏨', 'Liên kết hệ thống resort/khách sạn cao cấp từ 3 đến 5 sao toàn quốc với mức giá ưu đãi đặc quyền.', 1800000);

-- Thêm dữ liệu mẫu cho bảng `bill`
INSERT INTO `bill` (`id`, `bill_code`, `id_user`, `bill_name`, `bill_email`, `bill_phone`, `bill_address`, `bill_pttt`, `bill_total`, `bill_status`, `date_booking`) VALUES
(1, 'TRAVEL-9824', 1, 'Nguyễn Văn A', 'vana@gmail.com', '0912345678', 'Hoàn Kiếm, Hà Nội', 0, 60900000, 0, '14:20 14/06/2026'),
(2, 'TRAVEL-4210', 1, 'Trần Thị B', 'thib@gmail.com', '0987654321', 'Quận 3, TP. HCM', 1, 179800000, 1, '11:15 13/06/2026'),
(3, 'TRAVEL-1205', 2, 'Lê Văn C', 'vanc@gmail.com', '0905123456', 'Sơn Trà, Đà Nẵng', 0, 1990000, 2, '08:30 12/06/2026'),
(4, 'TRAVEL-7731', 2, 'Phạm Minh D', 'minhd@gmail.com', '0933445566', 'Hải Phòng', 1, 5580000, 3, '17:45 10/06/2026'),
(5, 'TRAVEL-3051', 1, 'Hoàng Công E', 'conge@gmail.com', '0911223344', 'Cần Thơ', 0, 11970000, 1, '09:00 13/06/2026'),
(6, 'TRAVEL-6520', 1, 'Đỗ Thị F', 'thif@gmail.com', '0977889900', 'Nha Trang', 1, 2490000, 0, '15:10 14/06/2026'),
(7, 'TRAVEL-4481', 2, 'Bùi Văn G', 'vang@gmail.com', '0944556677', 'Quy Nhơn', 0, 4380000, 2, '10:20 11/06/2026'),
(8, 'TRAVEL-1925', 2, 'Nguyễn Thị H', 'thih@gmail.com', '0966778899', 'Vũng Tàu', 0, 4200000, 1, '14:50 13/06/2026'),
(9, 'TRAVEL-5511', 1, 'Phan Văn I', 'vani@gmail.com', '0955667788', 'Tây Ninh', 1, 4470000, 0, '16:00 14/06/2026'),
(10, 'TRAVEL-8321', 1, 'Vũ Hoàng K', 'hoangk@gmail.com', '0922334455', 'Biên Hòa', 0, 12980000, 2, '07:15 12/06/2026'),
(11, 'TRAVEL-9042', 2, 'Lý Văn L', 'vanl@gmail.com', '0909090909', 'Lạng Sơn', 0, 11990000, 1, '13:00 13/06/2026'),
(12, 'TRAVEL-3891', 1, 'Trịnh Công M', 'congm@gmail.com', '0919191919', 'Nam Định', 1, 45800000, 2, '08:00 12/06/2026');

-- Thêm dữ liệu mẫu cho bảng `bill_detail`
INSERT INTO `bill_detail` (`id`, `id_bill`, `id_pro`, `name`, `image`, `price`, `quantity`, `total`) VALUES
(1, 1, 92, 'Tour du lịch châu âu: đức – hà lan – bỉ - luxembourg pháp', 'uploads/order1.png', 60900000, 1, 60900000),
(2, 2, 93, 'Tour châu âu: ý - vatican - thụy sỹ - pháp', 'uploads/order2.png', 89900000, 2, 179800000),
(3, 3, 1, 'Tour Hạ Long 2 Ngày 1 Đêm - Du Thuyền 5 Sao Sang Trọng', 'uploads/order3.png', 1990000, 1, 1990000),
(4, 4, 2, 'Tour Sapa 3 Ngày 2 Đêm - Chinh Phục Đỉnh Fansipan Hùng Vĩ', 'uploads/order4.png', 2790000, 2, 5580000),
(5, 5, 3, 'Tour Đà Nẵng - Hội An - Bà Nà Hills 4 Ngày 3 Đêm', 'uploads/order5.png', 3990000, 3, 11970000),
(6, 6, 4, 'Tour Nha Trang 3 Ngày 2 Đêm - Thiên Đường Biển Đảo Gọi Mời', 'uploads/order6.png', 2490000, 1, 2490000),
(7, 7, 5, 'Tour Đà Lạt 3 Ngày 3 Đêm - Thành Phố Ngàn Hoa Mộng Mơ', 'uploads/order7.png', 2190000, 2, 4380000),
(8, 8, 6, 'Tour Phú Quốc 3 Ngày 2 Đêm - Nghỉ Dưỡng Tại Đảo Ngọc', 'uploads/order8.png', 4200000, 1, 4200000),
(9, 9, 7, 'Tour Miền Tây Sông Nước 2 Ngày 1 Đêm', 'uploads/order9.png', 1490000, 3, 4470000),
(10, 10, 8, 'Tour Thái Lan 5 Ngày 4 Đêm - Khám Phá Bangkok - Pattaya', 'uploads/order10.png', 6490000, 2, 12980000),
(11, 11, 9, 'Tour Singapore - Malaysia 6 Ngày 5 Đêm', 'uploads/order11.png', 11990000, 1, 11990000),
(12, 12, 17, 'TOUR DU LỊCH NHẬT BẢN 6 NGÀY BAY VIETNAM AIRLINES', 'uploads/order12.png', 22900000, 2, 45800000);


-- --------------------------------------------------------
-- Cấu trúc bảng cho bảng `nhahang`
--
CREATE TABLE IF NOT EXISTS `nhahang` (
  `id` int(11) NOT NULL AUTO_INCREMENT,
  `name` varchar(255) NOT NULL,
  `image` varchar(255) NOT NULL,
  `description` text DEFAULT NULL,
  `price` double NOT NULL DEFAULT 0,
  `address` varchar(255) NOT NULL,
  `rating` float NOT NULL DEFAULT 5,
  `views` int(11) NOT NULL DEFAULT 0,
  PRIMARY KEY (`id`)
) ENGINE=InnoDB DEFAULT CHARSET=utf8mb4 COLLATE=utf8mb4_unicode_ci;

-- Thêm dữ liệu mẫu cho bảng `nhahang`
INSERT INTO `nhahang` (`id`, `name`, `image`, `description`, `price`, `address`, `rating`, `views`) VALUES
(1, 'Gỏi Cá Trích - Nhà Hàng Hòn Thơm Phú Quốc', 'uploads/seafood1.png', 'Món ăn đặc sản mang đậm hương vị biển khơi Phú Quốc. Cá trích tươi sống được phi lê mỏng, trộn cùng hành tây, dừa nạo và nước sốt chua ngọt thanh mát.', 150000, 'Khu đô thị An Thới, Phú Quốc', 4.8, 850),
(2, 'Tôm Hùm Nướng Bơ Tỏi - Nhà Hàng Cánh Buồm Nha Trang', 'uploads/seafood2.png', 'Tôm hùm bông Nha Trang tươi sống được nướng thơm lừng với sốt bơ tỏi béo ngậy. Thịt tôm dai ngọt hòa quyện cùng vị thơm nồng của tỏi phi.', 650000, 'Đường Trần Phú, Lộc Thọ, Nha Trang', 4.9, 1240),
(3, 'Cua Huỳnh Đế Hấp Sả - Nhà Hàng Bé Mặn Đà Nẵng', 'uploads/seafood3.png', 'Loại cua quý hiếm có thịt chắc ngọt bậc nhất. Hấp chín cùng sả tươi giữ trọn vị ngọt tự nhiên tinh khiết của cua biển Đà Nẵng.', 890000, 'Đường Võ Nguyên Giáp, Mân Thái, Sơn Trà, Đà Nẵng', 5.0, 1100),
(4, 'Chả Mực Giã Tay - Nhà Hàng Sen Cổ Kính Hạ Long', 'uploads/seafood4.png', 'Đặc sản nổi tiếng đất mỏ Quảng Ninh. Mực tươi ngon được giã tay thủ công, chiên vàng ruộm, dai giòn sần sật và thơm mùi gia vị hạt tiêu.', 220000, 'Khu du lịch Bãi Cháy, Hạ Long, Quảng Ninh', 4.7, 980),
(5, 'Lẩu Cá Đuối - Nhà Hàng Biển Đông Vũng Tàu', 'uploads/seafood5.png', 'Món lẩu trứ danh của phố biển Vũng Tàu. Cá đuối tươi thái mỏng nấu cùng măng chua, dọc mùng thơm lừng ăn kèm bún và nước mắm ớt cay.', 280000, 'Đường Nguyễn Trường Tộ, Phường 3, Vũng Tàu', 4.6, 740),
(6, 'Ghẹ Hấp Bia - Nhà Hàng Đại Dương Sầm Sơn', 'uploads/seafood6.png', 'Ghẹ xanh Sầm Sơn tươi sống được hấp cùng sả và bia hơi tạo mùi thơm đặc biệt. Ghẹ nhiều gạch, thịt ngọt lịm chấm cùng muối ớt chanh.', 450000, 'Đường Hồ Xuân Hương, Sầm Sơn, Thanh Hóa', 4.5, 620),
(7, 'Dông Cát Nướng Muối Ớt - Nhà Hàng Ngon Mũi Né', 'uploads/seafood7.png', 'Món ăn đặc sản độc lạ vùng cát nắng gió Bình Thuận. Thịt dông chắc ngọt tự nhiên được tẩm ướp muối ớt cay nồng rồi nướng vàng giòn trên than hồng.', 350000, 'Đường Nguyễn Đình Chiểu, Hàm Tiến, Phan Thiết', 4.7, 580),
(8, 'Còi Biên Mai Nướng Muối Ớt - Nhà Hàng Trùng Dương Phú Quốc', 'uploads/seafood8.png', 'Sự kết hợp giữa còi sò biên mai giòn dai ngọt tự nhiên cùng muối hạt và ớt chỉ thiên cay nồng, nướng chín tới giữ nguyên vị ngọt đậm đà.', 190000, 'Đường 30/4, Dương Đông, Phú Quốc', 4.8, 710),
(9, 'Bún Sứa Nha Trang - Quán Bà Thừa Nha Trang', 'uploads/seafood9.png', 'Tô bún nóng hổi với sứa biển giòn sần sật, chả cá chiên dai ngọt nước dùng ninh từ cá cờ thanh mát, mang hương vị đặc sản biển Nha Trang.', 45000, 'Đường Yersin, Vạn Thạnh, Nha Trang', 4.6, 690),
(10, 'Bánh Xèo Tôm Nhảy - Quán Gia Vỹ Quy Nhơn', 'uploads/seafood10.png', 'Vỏ bánh xèo giòn rụm bọc những chú tôm đất đỏ au tươi rói nhảy tanh tách. Ăn kèm rau sống bánh tráng và nước mắm đậu phộng chua ngọt ngon đúng điệu.', 50000, 'Đường Diên Hồng, Ngô Mây, Quy Nhơn', 4.9, 1300),
(11, 'Bún Chả Cá Quy Nhơn - Nhà Hàng Ngọc Liên', 'uploads/seafood11.png', 'Món ăn sáng quốc dân Quy Nhơn với chả cá thu chiên vàng, sợi bún nhỏ dai mềm và nước dùng ngọt đậm đà nấu từ đầu cá và xương cá biển.', 45005, 'Đường Nguyễn Huệ, Quy Nhơn, Bình Định', 4.8, 890),
(12, 'Ốc Hương Rang Muối Ớt - Quán Ốc Tự Nhiên Vũng Tàu', 'uploads/seafood12.png', 'Ốc hương size lớn tươi sống rang muối ớt khô giòn. Vị ốc giòn ngọt quyện muối cay mặn bám đều quanh vỏ ốc thơm lừng kích thích vị giác.', 120000, 'Đường Trần Phú, Phường 5, Vũng Tàu', 4.7, 1050),
(13, 'Sò Điệp Nướng Mỡ Hành - Nhà Hàng Gió Biển Phan Thiết', 'uploads/seafood13.png', 'Sò điệp tươi nướng mỡ hành thơm ngậy, rắc thêm đậu phộng rang giòn rụm. Vị sò ngọt thơm hòa quyện mỡ hành béo ngậy.', 90000, 'Đường Huỳnh Thúc Kháng, Mũi Né, Phan Thiết', 4.6, 530),
(14, 'Mực Một Nắng Nướng - Quán Biển Xanh Côn Đảo', 'uploads/seafood14.png', 'Mực ống câu đêm Côn Đảo phơi qua một nắng giòn ngọt, nướng mọi trên than hoa rách mép thơm phức chấm kèm tương ớt.', 250000, 'Đường Nguyễn Huệ, Côn Đảo, Bà Rịa - Vũng Tàu', 4.8, 670),
(15, 'Hải Sâm Hầm Nấm - Nhà Hàng Hải Cảng Phú Quốc', 'uploads/seafood15.png', 'Món ăn đại bổ thượng hạng chế biến từ hải sâm đen Phú Quốc hầm cùng nấm đông cô, hạt sen thơm bùi, bổ dưỡng cho sức khỏe.', 800000, 'Bãi Trường, Dương Tơ, Phú Quốc', 4.9, 420),
(16, 'Cá Sông Son Nướng - Nhà Hàng Phong Nha Quảng Bình', 'uploads/seafood16.png', 'Loại cá mú nước ngọt đặc sản nuôi trong lòng sông Son Phong Nha. Cá nướng muối ớt da giòn thịt thơm ngọt dai chấm muối cheo.', 220000, 'Khu du lịch Phong Nha, Bố Trạch, Quảng Bình', 4.7, 490),
(17, 'Hàu Sữa Nướng Phô Mai - Quán Hải Sản Ngon Vân Đồn', 'uploads/seafood17.png', 'Hàu sữa Vân Đồn béo ngậy nướng phô mai đút lò vàng ươm kéo sợi. Vị sữa hàu ngọt đậm đà tan chảy cùng phô mai béo ngậy.', 150000, 'Cảng Cái Rồng, Vân Đồn, Quảng Ninh', 4.8, 780),
(18, 'Cá Mú Hấp Hồng Kông - Nhà Hàng Sunrise Nha Trang', 'uploads/seafood18.png', 'Cá mú đỏ tươi sống hấp cùng nước tương Hồng Kông đặc chế, gừng sợi và hành lá. Thịt cá trắng ngần, dai ngọt đậm đà chuẩn vị hoa.', 480000, 'Đường Trần Phú, Xương Huân, Nha Trang', 4.9, 910),
(19, 'Mực Lá Hấp Gừng - Nhà Hàng Hải Sản San Hô Đà Nẵng', 'uploads/seafood19.png', 'Mực lá dày mình giòn ngọt được hấp chín tới cùng gừng tươi và hành hoa thơm nồng, ăn kèm nước mắm gừng chua ngọt đậm vị.', 180000, 'Đường Võ Nguyên Giáp, Phước Mỹ, Sơn Trà, Đà Nẵng', 4.7, 820),
(20, 'Sam Biển 7 Món - Nhà Hàng Quảng Yên Quảng Ninh', 'uploads/seafood20.png', 'Đặc sản sam biển độc đáo vùng Quảng Yên chế biến thành 7 món ngon khác nhau: trứng sam nướng, sụn sam nướng, sam xào sả ớt...', 350000, 'Đường Lê Lợi, Quảng Yên, Quảng Ninh', 4.6, 390),
(21, 'Ghẹ Xanh Luộc Sả - Nhà Hàng Gành Dầu Phú Quốc', 'uploads/seafood21.png', 'Ghẹ xanh đánh bắt tự nhiên từ vùng biển Gành Dầu tươi ngon nhiều thịt, hấp cách thủy cùng sả đập dập thơm lừng chấm muối ớt.', 400000, 'Mũi Gành Dầu, Phú Quốc, Kiên Giang', 4.8, 560),
(22, 'Bún Quậy Kiến Xây - Quán Kiến Xây Phú Quốc', 'uploads/seafood22.png', 'Món ăn độc lạ mang tính trải nghiệm cao ở Phú Quốc. Nước dùng nóng hổi chan vào tô chứa chả tôm, chả cá quết nhuyễn tươi rói.', 65000, 'Đường Bạch Đằng, Dương Đông, Phú Quốc', 4.9, 1580),
(23, 'Bánh Canh Chả Cá - Quán Cô Sáu Nha Trang', 'uploads/seafood23.png', 'Bánh canh bột lọc dai dai chan nước dùng ngọt thanh từ xương cá, chả cá chiên và chả cá hấp dẻo ngọt đậm đà hương vị biển.', 40000, 'Đường Vân Đồn, Phước Hòa, Nha Trang', 4.7, 740),
(24, 'Lẩu Cá Đuối Măng Chua - Quán Bảy Lượm Vũng Tàu', 'uploads/seafood24.png', 'Lẩu cá đuối nấu măng chua cay nồng ấm bụng đêm lạnh Vũng Tàu. Thịt cá đuối giòn sần sật chấm mắm ớt cực đã.', 260000, 'Đường Nguyễn Trường Tộ, Phường 3, Vũng Tàu', 4.8, 1120),
(25, 'Ốc Vú Nàng Nướng - Quán Hải Sản Côn Đảo', 'uploads/seafood25.png', 'Loại ốc đặc sản hình nón độc đáo ở Côn Đảo. Nướng chín trên than hồng chấm muối tiêu chanh, thịt ốc giòn ngọt dẻo bùi.', 180000, 'Đường Phạm Văn Đồng, Côn Đảo, Bà Rịa - Vũng Tàu', 4.8, 610),
(26, 'Cá Thu Một Nắng - Nhà Hàng Đồ Sơn Hải Phòng', 'uploads/seafood26.png', 'Cá thu tươi rói cắt lát dày phơi qua một nắng Đồ Sơn, rán vàng giòn hai mặt ăn kèm nước mắm tỏi ớt đưa cơm vô cùng.', 240000, 'Khu du lịch Vạn Hương, Đồ Sơn, Hải Phòng', 4.6, 480),
(27, 'Sò Huyết Lạc Lộc - Nhà Hàng Biển Cửa Lò', 'uploads/seafood27.png', 'Sò huyết Cửa Lò tươi ngon ngọt đậm, được nướng chín tái hoặc xào me chua ngọt hấp dẫn, giàu dinh dưỡng bổ máu.', 160000, 'Đường Bình Minh, Cửa Lò, Nghệ An', 4.5, 520),
(28, 'Tu Hài Nướng Mỡ Hành - Quán Cát Bà Hải Phòng', 'uploads/seafood28.png', 'Tu hài đảo Cát Bà nướng mỡ hành thơm phức dẻo ngọt giòn sần sật, món hải sản cao cấp không thể bỏ lỡ khi ghé thăm Hải Phòng.', 280000, 'Đường 1/4, Cát Bà, Hải Phòng', 4.7, 690),
(29, 'Sá Sùng Xào Tỏi - Nhà Hàng Minh Châu Quan Lạn', 'uploads/seafood29.png', 'Sá sùng tươi Minh Châu là đặc sản "vàng ròng" của biển khơi. Xào cùng tỏi tươi thơm nức, ngọt giòn ngọt lịm khó quên.', 950000, 'Bãi biển Minh Châu, Vân Đồn, Quảng Ninh', 4.9, 830),
(30, 'Cá Kèo Nướng Muối Ớt - Nhà Hàng Sông Nước Cà Mau', 'uploads/seafood30.png', 'Cá kèo tươi sống được xiên que tre nướng muối ớt vàng giòn. Ăn kèm rau răm và chấm mắm me chua ngọt cay nồng.', 110000, 'Đường Phan Ngọc Hiển, Phường 5, Cà Mau', 4.7, 410),
(31, 'Canh Chua Cá Bớp - Quán Duyên Biển Rạch Giá', 'uploads/seafood31.png', 'Canh chua cá bớp nấu ngổ, cà chua, thơm ngọt chua dịu mát lành. Thịt cá bớp béo ngậy dai ngon chuẩn vị miền Tây Nam Bộ.', 180000, 'Đường Tôn Đức Thắng, Rạch Giá, Kiên Giang', 4.6, 350),
(32, 'Mực Sim Trứng Hấp - Quán Ngon Sầm Sơn', 'uploads/seafood32.png', 'Những chú mực sim nhỏ nhắn ôm đầy trứng sữa căng tròn, hấp gừng chín tới giòn lịm bùi béo ngọt đậm đà vô cùng.', 200000, 'Đường Nguyễn Du, Sầm Sơn, Thanh Hóa', 4.7, 620),
(33, 'Bạch Tuộc Nướng Sa Tế - Quán Biển Chiều Đà Nẵng', 'uploads/seafood33.png', 'Bạch tuộc tươi sống ướp sốt sa tế cay nồng nướng than hoa vàng giòn. Thịt bạch tuộc dai ngọt sần sật hấp dẫn.', 140000, 'Đường Hoàng Sa, Thọ Quang, Sơn Trà, Đà Nẵng', 4.8, 890),
(34, 'Cá Bớp Nướng Muối Ớt - Quán Gió Biển Nha Trang', 'uploads/seafood34.png', 'Cá bớp biển cắt khoanh dày tẩm ướp muối ớt cay xè nướng chín vàng ươm, thịt cá ngọt béo quyện vị muối ớt cay đậm vị.', 250000, 'Đường Phạm Văn Đồng, Vĩnh Hòa, Nha Trang', 4.7, 730),
(35, 'Lẩu Ghẹ Chua Cay - Nhà Hàng Hương Biển Mũi Né', 'uploads/seafood35.png', 'Lẩu ghẹ chua cay nấu lẩu Thái chua ngọt đậm đà, ghẹ xanh Mũi Né ngọt thịt, ăn kèm rau muống rau nhút bún tươi.', 380000, 'Đường Huỳnh Tấn Phát, Mũi Né, Phan Thiết', 4.8, 660),
(36, 'Ốc Móng Tay Xào Bơ Tỏi - Quán Hải Sản Vũng Tàu', 'uploads/seafood36.png', 'Ốc móng tay xào sốt bơ tỏi thơm ngậy béo bùi, vị ốc giòn ngọt chấm bánh mì ăn kèm rau răm thơm mát tuyệt vời.', 90000, 'Đường Lê Hồng Phong, Thắng Tam, Vũng Tàu', 4.6, 810),
(37, 'Cá Đuối Nướng Sả Nghệ - Nhà Hàng Biển Xanh Đà Nẵng', 'uploads/seafood37.png', 'Cá đuối ướp nghệ tươi và sả băm nướng lá chuối thơm lừng. Thịt cá dai ngọt thơm nghệ vàng bắt mắt chấm mắm nêm.', 240000, 'Đường Nguyễn Tất Thành, Thanh Khê, Đà Nẵng', 4.7, 590),
(38, 'Tôm Tít Cháy Tỏi - Nhà Hàng Biển Ngọc Hạ Long', 'uploads/seafood38.png', 'Tôm tít (bề bề) Hạ Long tươi sống hấp chín sơ rồi cháy tỏi giòn rụm thơm nức, thịt tôm dai ngọt béo đậm vị tỏi phi.', 320000, 'Đường Hạ Long, Bãi Cháy, Quảng Ninh', 4.8, 940),
(39, 'Sò Mai Nướng Mỡ Hành - Quán Ăn Hàm Ninh Phú Quốc', 'uploads/seafood39.png', 'Sò mai khổng lồ nướng mỡ hành đậu phộng thơm ngậy trên than củi, thịt còi sò mai giòn dai ngọt lịm chấm muối ớt.', 130000, 'Cảng Hàm Ninh, Phú Quốc, Kiên Giang', 4.7, 470),
(40, 'Lẩu Cua Đồng Hải Sản - Nhà Hàng Đất Cảng Hải Phòng', 'uploads/seafood40.png', 'Nước lẩu cua đồng sánh riêu béo ngậy nhúng kèm mực tươi, tôm sú, chả cá Hải Phòng ăn cùng bánh đa đỏ đặc trưng.', 350000, 'Đường Lạch Tray, Ngô Quyền, Hải Phòng', 4.9, 1050),
(41, 'Lẩu Cá Đuối Lá Giang - Quán Gió Biển Vũng Tàu', 'uploads/seafood41.png', 'Thịt cá đuối tươi săn nấu cùng lá giang chua nhẹ, măng chua giòn, nước lẩu ngọt thơm ăn cùng bún tươi bốc khói nghi ngút.', 290000, 'Bãi Sau, Phường 2, Vũng Tàu', 4.8, 590),
(42, 'Ếch Xào Lăn Cát Bà - Quán Ăn Hương Biển Hải Phòng', 'uploads/seafood42.png', 'Đặc sản ếch núi Cát Bà thịt chắc, xào lăn cùng nước cốt dừa béo ngậy, nấm mèo giòn sần sật và sả ớt cay thơm nồng nàn.', 150000, 'Thị trấn Cát Bà, Hải Phòng', 4.7, 670),
(43, 'Tôm Hùm Tre Hấp Nước Dừa - Nhà Hàng Hải Sản Mũi Né', 'uploads/seafood43.png', 'Tôm hùm tre tươi xanh hấp cách thủy cùng nước dừa xiêm ngọt lịm. Thịt tôm trắng ngần chắc ngọt chấm muối ớt chanh.', 580000, 'Đường Nguyễn Đình Chiểu, Mũi Né, Phan Thiết', 4.9, 810),
(44, 'Cá Bớp Kho Tộ miền Tây - Quán Dân Dã Rạch Giá', 'uploads/seafood44.png', 'Kho tộ niêu đất chuẩn vị miền Tây. Cá bớp biển béo ngậy rim nước mắm tỏi ớt kẹo đặc, thêm vài cọng tiêu xanh thơm cay.', 130000, 'Khu lấn biển, Rạch Giá, Kiên Giang', 4.7, 430),
(45, 'Sò Lông Nướng Mỡ Hành - Quán Gió Biển Đà Nẵng', 'uploads/seafood45.png', 'Sò lông biển tươi nướng thơm lừng cùng mỡ hành, đậu phộng rang giòn thơm béo chấm kèm mắm chua ngọt hoặc muối tiêu.', 80000, 'Đường Võ Nguyên Giáp, Sơn Trà, Đà Nẵng', 4.6, 550),
(46, 'Bạch Tuộc Nhúng Giấm - Nhà Hàng Biển Động Nha Trang', 'uploads/seafood46.png', 'Bạch tuộc tươi giòn nhúng nước giấm sả chua ngọt nóng hổi cuốn bánh tráng rau sống, ngon ngất ngây chuẩn vị biển Nha Trang.', 220000, 'Đường Trần Phú, Nha Trang, Khánh Hòa', 4.8, 940),
(47, 'Cua Đá Đảo Chàm Hấp Sả - Quán Ăn Cù Lao Chàm', 'uploads/seafood47.png', 'Loại cua đặc sản sống trên vách đá Cù Lao Chàm ăn cây rừng nên thịt cực thơm chắc và bổ dưỡng, hấp sả ớt chấm muối tiêu.', 450000, 'Đảo Cù Lao Chàm, Hội An, Quảng Nam', 4.9, 600),
(48, 'Ếch Núi Chiên Bơ Tỏi - Nhà Hàng Đồ Sơn Hải Phòng', 'uploads/seafood48.png', 'Ếch núi Đồ Sơn tẩm bột chiên vàng giòn rụm bên ngoài, mềm ngọt bên trong, thơm nức mũi vị bơ tỏi phi thơm lừng.', 160000, 'Khu 2 Đồ Sơn, Hải Phòng', 4.6, 390),
(49, 'Cháo Hàu Sữa Cồn Hến - Quán Lăng Cô Huế', 'uploads/seafood49.png', 'Tô cháo hào sữa nóng hổi béo bùi nấu từ gạo tám thơm nức, hào sữa nhỏ béo ngậy xào gia vị tiêu hành lá cay nồng nàn.', 50000, 'Thị trấn Lăng Cô, Phú Lộc, Thừa Thiên Huế', 4.8, 720),
(50, 'Lẩu Cua Năm Căn Cà Mau - Quán Ngon Đất Mũi', 'uploads/seafood50.png', 'Đặc sản cua gạch Năm Căn nổi tiếng chắc thịt nhiều gạch, nấu lẩu chua cay đậm đà ngọt nước ngon trứ danh đất Mũi.', 390000, 'Khóm 1, Thị trấn Năm Căn, Cà Mau', 5.0, 1210),
(51, 'Tôm Mũ Ni Nướng Mỡ Hành - Nhà Hàng Hàm Ninh Phú Quốc', 'uploads/seafood51.png', 'Tôm mũ ni quý hiếm cắt đôi nướng lò cùng mỡ hành thơm lừng. Thịt tôm dai ngọt thơm như thịt tôm hùm.', 480000, 'Làng chài Hàm Ninh, Phú Quốc, Kiên Giang', 4.9, 880),
(52, 'Ghẹ Xanh Ram Me chua ngọt - Nhà Hàng Sông Lô Nha Trang', 'uploads/seafood52.png', 'Ghẹ xanh tươi nướng sơ rồi ram nước sốt me chua ngọt đậm đà, thịt ghẹ ngấm vị chua chua ngọt cay kích thích vô cùng.', 350000, 'Cầu Đá, Trần Phú, Nha Trang', 4.8, 740),
(53, 'Cá Mú Đỏ Hấp Gừng Hành - Nhà Hàng Hải Sản Côn Đảo', 'uploads/seafood53.png', 'Cá mú đỏ quý hiếm đánh bắt khơi xa Côn Đảo, hấp gừng hành hoa và nước tương nhạt giữ trọn vẹn vị ngọt thanh quý giá.', 750000, 'Đường Nguyễn Huệ, Côn Đảo, Bà Rịa - Vũng Tàu', 4.9, 530),
(54, 'Mực Ống Nhồi Thịt Sốt Cà - Quán Hải Sản Phan Thiết', 'uploads/seafood54.png', 'Mực ống biển Phan Thiết nhồi thịt nạc vai băm mộc nhĩ nướng chín rồi sốt cà chua kẹo đặc, vị ngọt dai hài hòa.', 160000, 'Đường Huỳnh Thúc Kháng, Phan Thiết, Bình Thuận', 4.7, 610),
(55, 'Ốc Nhảy Hấp Sả Lá Chanh - Nhà Hàng Biển Xanh Quy Nhơn', 'uploads/seafood55.png', 'Ốc nhảy đực Quy Nhơn hấp cách thủy sả lá chanh giòn ngọt. Thịt ốc dai sần sật chấm mắm gừng ớt cực ngon.', 120000, 'Đường Xuân Diệu, Quy Nhơn, Bình Định', 4.8, 670),
(56, 'Ếch Biển Trộn Gỏi chua cay - Nhà Hàng Vịnh Hạ Long', 'uploads/seafood56.png', 'Thịt ếch đồng/biển luộc xé phay trộn rau thơm, hành tây, cà rốt và nước mắm chua cay ngọt đậm vị giòn mát đưa bia.', 140000, 'Đường Hạ Long, Bãi Cháy, Hạ Long', 4.5, 410),
(57, 'Sò Huyết Cháy Tỏi Phô Mai - Quán Ốc Sài Gòn Vũng Tàu', 'uploads/seafood57.png', 'Sò huyết tươi cháy tỏi phi vàng giòn rụm và sốt bơ tỏi thơm lừng, món ốc khoái khẩu ăn kèm rau răm muối tiêu.', 150000, 'Phường Thắng Tam, Vũng Tàu', 4.7, 790),
(58, 'Tôm Sú Ủ Muối Hột nướng niêu - Nhà Hàng Biển Ngọc Đà Nẵng', 'uploads/seafood58.png', 'Tôm sú biển size lớn ủ trong niêu đất phủ muối hột nướng chín bằng nhiệt. Thịt tôm dai đậm đà ngọt tự nhiên.', 280000, 'Đường Võ Nguyên Giáp, Sơn Trà, Đà Nẵng', 4.8, 910),
(59, 'Hàu Sữa Ăn Sống Mù Tạt - Quán Hải Sản Lăng Cô', 'uploads/seafood59.png', 'Hàu sữa tươi khai thác trong ngày tách vỏ ăn sống vắt chanh kèm mù tạt cay nồng xộc lên mũi, ngọt lịm mát rượi.', 120000, 'Vịnh Lăng Cô, Phú Lộc, Thừa Thiên Huế', 4.9, 490),
(60, 'Lẩu Mực Đại Dương khổng lồ - Nhà Hàng Biển Đông Hạ Long', 'uploads/seafood60.png', 'Nồi lẩu chua cay nhúng mực ống khổng lồ tươi roi rói giòn sần sật, nước dùng ngọt lịm từ dứa cà chua sả ớt cực đã.', 450000, 'Đường Bãi Cháy, Hạ Long, Quảng Ninh', 4.9, 1120);

-- --------------------------------------------------------
-- Cấu trúc bảng cho bảng `giaitri`
--
DROP TABLE IF EXISTS `giaitri`;
CREATE TABLE IF NOT EXISTS `giaitri` (
  `id` int(11) NOT NULL AUTO_INCREMENT,
  `name` varchar(255) NOT NULL,
  `image` varchar(255) NOT NULL,
  `description` text DEFAULT NULL,
  `price` double NOT NULL DEFAULT 0,
  `address` varchar(255) NOT NULL,
  `rating` float NOT NULL DEFAULT 5,
  `views` int(11) NOT NULL DEFAULT 0,
  PRIMARY KEY (`id`)
) ENGINE=InnoDB DEFAULT CHARSET=utf8mb4 COLLATE=utf8mb4_unicode_ci;

-- Thêm dữ liệu mẫu cho bảng `giaitri`
INSERT INTO `giaitri` (`id`, `name`, `image`, `description`, `price`, `address`, `rating`, `views`) VALUES
(1, 'VinWonders Phú Quốc - Thiên Đường Vui Chơi Giải Trí', 'uploads/entertainment1.png', 'Công viên chủ đề lớn nhất Việt Nam với quy mô hàng đầu châu Á. Trải nghiệm 6 phân khu độc đáo với hàng trăm trò chơi cảm giác mạnh, công viên nước khổng lồ và show diễn Once triệu đô.', 950000, 'Khu bãi Dài, Gành Dầu, Phú Quốc', 4.9, 850),
(2, 'Sun World Hòn Thơm Nature Park - Cáp Treo Vượt Biển', 'uploads/entertainment2.png', 'Hành trình vượt biển trên tuyến cáp treo 3 dây dài nhất thế giới. Khám phá công viên nước Aquatopia hiện đại và các hoạt động thể thao biển sôi động tại Bãi Trào.', 600000, 'Đảo Hòn Thơm, An Thới, Phú Quốc', 4.8, 790),
(3, 'Grand World Phú Quốc - Thành Phố Không Ngủ', 'uploads/entertainment3.png', 'Tổ hợp mua sắm, vui chơi giải trí và lễ hội đẳng cấp thế giới. Chiêm ngưỡng show diễn Sắc màu Venice lộng lẫy và trải nghiệm đi thuyền trên kênh đào đậm chất Ý.', 0, 'Khu Bãi Dài, Gành Dầu, Phú Quốc', 4.7, 980),
(4, 'Vinpearl Safari Phú Quốc - Vườn Thú Bán Hoang Dã', 'uploads/entertainment4.png', 'Công viên chăm sóc và bảo tồn động vật bán hoang dã đầu tiên tại Việt Nam. Trải nghiệm nhốt thú thả người độc đáo và gặp gỡ hàng ngàn cá thể động vật quý hiếm.', 650000, 'Khu Bãi Dài, Gành Dầu, Phú Quốc', 4.9, 1120),
(5, 'Sun World Ba Na Hills - Đường Lên Tiên Cảnh', 'uploads/entertainment5.png', 'Khu du lịch nổi tiếng với khí hậu mát mẻ quanh năm và công trình Cầu Vàng biểu tượng thế giới. Khám phá làng Pháp cổ kính và khu vui chơi Fantasy Park.', 900000, 'Tuyến cáp treo Bà Nà, Hòa Vang, Đà Nẵng', 5.0, 1540),
(6, 'Công Viên Châu Á Asia Park - Vòng Quay Mặt Trời', 'uploads/entertainment6.png', 'Công viên giải trí mang đậm phong cách văn hóa của nhiều quốc gia châu Á. Trải nghiệm vòng quay Sun Wheel khổng lồ ngắm nhìn toàn cảnh thành phố Đà Nẵng lung linh về đêm.', 200000, 'Đường 2/9, Hòa Cường Bắc, Hải Châu, Đà Nẵng', 4.6, 680),
(7, 'Công Viên Nước Núi Thần Tài - Suối Khoáng Nóng', 'uploads/entertainment7.png', 'Tổ hợp nghỉ dưỡng khoáng nóng thiên nhiên độc đáo giữa rừng núi mát mẻ. Tận hưởng các liệu pháp tắm bùn, tắm trà và công viên nước vui nhộn.', 400000, 'Khu bảo tồn thiên nhiên Bà Nà Núi Chúa, Hòa Vang, Đà Nẵng', 4.7, 560),
(8, 'VinWonders Nha Trang - Thiên Đường Biển Đảo', 'uploads/entertainment8.png', 'Công viên giải trí kỷ lục tọa lạc trên đảo Hòn Tre xinh đẹp. Khám phá đường trượt Zipline kỷ lục, bánh xe bầu trời khổng lồ và thế giới đại dương kỳ thú.', 800000, 'Đảo Hòn Tre, Vĩnh Nguyên, Nha Trang', 4.9, 1280),
(9, 'Tắm Bùn Khoáng Tháp Bà - Trị Liệu Thư Giãn', 'uploads/entertainment9.png', 'Địa điểm tắm bùn khoáng nóng lâu đời và nổi tiếng nhất Nha Trang. Giúp thư giãn cơ thể, phục hồi sức khỏe và làm đẹp da giữa không gian thiên nhiên yên tĩnh.', 250000, 'Đường Ngô Đến, Ngọc Hiệp, Nha Trang', 4.5, 430),
(10, 'Vịnh San Hô Nha Trang - Lặn Biển & Đi Bộ Dưới Đại Dương', 'uploads/entertainment10.png', 'Khám phá thế giới đại dương rực rỡ sắc màu của vịnh Nha Trang. Trải nghiệm đi bộ dưới biển ngắm rạn san hô tự nhiên và các loài cá biển độc đáo.', 450000, 'Vịnh Nha Trang, Khánh Hòa', 4.8, 910),
(11, 'Cáp Treo Fansipan Legend - Chinh Phục Nóc Nhà Đông Dương', 'uploads/entertainment11.png', 'Chinh phục đỉnh Fansipan huyền thoại ở độ cao 3.143m bằng hệ thống cáp treo ba dây hiện đại nhất thế giới, chiêm ngưỡng thung lũng Mường Hoa tuyệt đẹp.', 850000, 'Đường Nguyễn Chí Thanh, Sapa, Lào Cai', 4.9, 1420),
(12, 'Bản Cát Cát - Trải Nghiệm Văn Hóa Bản Địa Sapa', 'uploads/entertainment12.png', 'Ngôi làng cổ kính của đồng bào H\'Mông với những thửa ruộng bậc thang thơ mộng, cối xay nước khổng lồ và các điệu múa truyền thống đặc sắc.', 150000, 'San Sả Hồ, Sapa, Lào Cai', 4.6, 750),
(13, 'Cầu Kính Rồng Mây - Trải Nghiệm Cảm Giác Mạnh', 'uploads/entertainment13.png', 'Cầu kính cao nhất Việt Nam nằm tại đỉnh đèo Ô Quy Hồ. Trải nghiệm đi bộ trên kính trong suốt lơ lửng giữa mây trời và đồi núi hùng vĩ.', 400000, 'Đỉnh đèo Ô Quy Hồ, Tam Đường, Lai Châu', 4.7, 630),
(14, 'Khu Du Lịch Sun World Hạ Long Complex', 'uploads/entertainment14.png', 'Tổ hợp vui chơi giải trí đẳng cấp ven vịnh Hạ Long gồm cáp treo Nữ Hoàng vượt biển, vòng quay Mặt Trời và công viên nước lốc xoáy Typhoon Water Park.', 350000, 'Đường Bãi Cháy, Hạ Long, Quảng Ninh', 4.8, 1150),
(15, 'Yoko Onsen Quang Hanh - Tắm Khoáng Nóng Chuẩn Nhật', 'uploads/entertainment15.png', 'Khu nghỉ dưỡng tắm khoáng nóng mang đậm kiến trúc Nhật Bản giữa thung lũng đá Quang Hanh. Tận hưởng nguồn khoáng chất quý báu trị liệu cơ thể.', 1200000, 'Phường Quang Hanh, Cẩm Phả, Quảng Ninh', 4.9, 870),
(16, 'Khu Du Lịch Sinh Thái Tràng An - Danh Thắng Di Sản Kép', 'uploads/entertainment16.png', 'Trải nghiệm ngồi đò nan len lỏi qua các hang động xuyên thủy kỳ ảo, tham quan các đền thờ cổ kính giữa non nước hữu tình của danh thắng di sản thế giới.', 250000, 'Tràng An, Trường Yên, Hoa Lư, Ninh Bình', 5.0, 1890),
(17, 'Hang Múa - Check-in Vạn Lý Trường Thành Thu Nhỏ', 'uploads/entertainment17.png', 'Chinh phục gần 500 bậc đá lên đỉnh núi Múa để ngắm trọn vẹn toàn cảnh cánh đồng lúa chín vàng óng ả và dòng sông Ngô Đồng uốn lượn tại Tam Cốc.', 100000, 'Ninh Xuân, Hoa Lư, Ninh Bình', 4.7, 950),
(18, 'Đường Đèo Mã Pí Lèng - Chinh Phục Cung Đường Huyền Thoại', 'uploads/entertainment18.png', 'Một trong tứ đại đỉnh đèo của Việt Nam, cung đường hiểm trở hùng vĩ uốn lượn bên vách đá dựng đứng, mở ra tầm nhìn tuyệt đỉnh xuống hẻm vực Tu Sản.', 0, 'Đường Hạnh Phúc, Mèo Vạc, Hà Giang', 4.9, 1340),
(19, 'Dạo Thuyền Sông Nho Quế - Khám Phá Hẻm Vực Tu Sản', 'uploads/entertainment19.png', 'Trải nghiệm ngồi thuyền lướt nhẹ trên dòng sông Nho Quế xanh biếc như ngọc, đi qua hẻm vực Tu Sản sâu nhất Đông Nam Á đầy kỳ vĩ.', 100000, 'Sông Nho Quế, Pải Lủng, Mèo Vạc, Hà Giang', 4.8, 1220),
(20, 'Khu Du Lịch Thung Lũng Tình Yêu - Đà Lạt Thơ Mộng', 'uploads/entertainment20.png', 'Thắng cảnh lãng mạn bậc nhất Đà Lạt với hồ Đa Thiện trong vắt ẩn hiện giữa rừng thông xanh ngút ngàn, các vườn hoa rực rỡ và đồi Vọng Cảnh.', 250000, 'Đường Mai Anh Đào, Phường 8, Đà Lạt', 4.6, 820),
(21, 'Đu Dây Vượt Thác Datanla - Trải Nghiệm Mạo Hiểm', 'uploads/entertainment21.png', 'Hành trình vượt qua thử thách đu dây, leo vách đá dựng đứng và nhảy tự do xuống dòng thác nước Datanla xối xả giữa rừng nguyên sinh.', 800000, 'Đèo Prenn, Phường 3, Đà Lạt', 4.8, 590),
(22, 'Puppy Farm Đà Lạt - Nông Trại Cún Siêu Dễ Thương', 'uploads/entertainment22.png', 'Địa điểm check-in cực hot thu hút giới trẻ với hàng chục giống cún dễ thương, thân thiện, kết hợp vườn cà chua, dâu tây và hoa hướng dương rực rỡ.', 100000, 'Đường Cam Ly, Phường 7, Đà Lạt', 4.7, 710),
(23, 'Khu Du Lịch Văn Hóa Suối Tiên - Điểm Hẹn Lịch Sử', 'uploads/entertainment23.png', 'Công viên giải trí mang chủ đề lịch sử, truyền thuyết văn hóa Việt Nam với biển Tiên Đồng Ngọc Nữ và hàng trăm trò chơi vui nhộn cho gia đình.', 120000, 'Xa lộ Hà Nội, Tân Phú, Quận 9, TP. HCM', 4.5, 960),
(24, 'Thảo Cầm Viên Sài Gòn - Vườn Thú Lâu Đời Nhất', 'uploads/entertainment24.png', 'Lá phổi xanh giữa trung tâm thành phố sầm uất. Nơi nuôi dưỡng hàng ngàn cá thể động thực vật quý hiếm, điểm vui chơi dã ngoại lý tưởng cuối tuần.', 60000, 'Đường Nguyễn Bỉnh Khiêm, Bến Nghé, Quận 1, TP. HCM', 4.4, 880),
(25, 'Đài Quan Sát Landmark 81 Skyview - Ngắm Toàn Cảnh Sài Gòn', 'uploads/entertainment25.png', 'Trải nghiệm ngắm nhìn toàn cảnh thành phố rực rỡ từ tầng 79-81 của tòa nhà cao nhất Việt Nam, thử cảm giác đi trên cầu kính lơ lửng.', 400000, 'Đường Điện Biên Phủ, Phường 22, Bình Thạnh, TP. HCM', 4.7, 1050),
(26, 'Chợ Nổi Cái Răng - Trải Nghiệm Sông Nước Miền Tây', 'uploads/entertainment26.png', 'Khám phá nét văn hóa giao thương độc đáo trên sông nước Mekong từ sáng sớm, thưởng thức tô hủ tiếu nóng hổi ngay trên những chiếc ghe chao đảo.', 50000, 'Sông Cần Thơ, Cái Răng, Cần Thơ', 4.8, 1140),
(27, 'Khu Du Lịch Sinh Thái Mỹ Khánh - Trải Nghiệm Dân Dã', 'uploads/entertainment27.png', 'Hòa mình vào cuộc sống miệt vườn Nam Bộ, tham gia đua heo, đua chó, câu cá sấu, thưởng thức các món ăn dân dã và nghe đờn ca tài tử.', 100000, 'Đường Lộ Vòng Cung, Mỹ Khánh, Phong Điền, Cần Thơ', 4.5, 730),
(28, 'Universal Studios Singapore - Đảo Sentosa', 'uploads/entertainment28.png', 'Công viên giải trí chủ đề điện ảnh Hollywood đầu tiên tại Đông Nam Á. Trải nghiệm tàu lượn siêu tốc Transformers và lâu đài cổ tích Far Far Away.', 1350000, '8 Sentosa Gateway, Singapore', 4.9, 2100),
(29, 'Gardens by the Bay - Siêu Công Viên Nhân Tạo', 'uploads/entertainment29.png', 'Chiêm ngưỡng những siêu cây khổng lồ phát sáng rực rỡ ban đêm, khu nhà kính Cloud Forest với thác nước nhân tạo đổ từ trên cao kỳ ảo.', 800000, '18 Marina Gardens Dr, Singapore', 4.9, 1950),
(30, 'Sở Thú Đêm Night Safari - Khám Phá Thú Đêm Độc Đáo', 'uploads/entertainment30.png', 'Trải nghiệm sở thú đêm đầu tiên trên thế giới bằng xe điện chuyên dụng, quan sát tập tính săn mồi của các loài thú hoang dã khi màn đêm buông xuống.', 950000, '80 Mandai Lake Rd, Singapore', 4.7, 1430),
(31, 'Tokyo Disneyland - Thiên Đường Cổ Tích', 'uploads/entertainment31.png', 'Công viên giải trí mang thương hiệu Disney đầu tiên tại châu Á, tái hiện hoàn hảo thế giới thần thoại của các nhân vật hoạt hình huyền thoại.', 1600000, '1-1 Maihama, Urayasu, Chiba, Tokyo, Nhật Bản', 4.9, 2500),
(32, 'Tokyo DisneySea - Công Viên Nước Huyền Ảo', 'uploads/entertainment32.png', 'Công viên nước giải trí duy nhất mang chủ đề biển cả của Disney trên thế giới, bao gồm các phân khu cảng viễn tưởng kỳ thú.', 1600000, '1-13 Maihama, Urayasu, Chiba, Tokyo, Nhật Bản', 4.9, 2300),
(33, 'Đài Quan Sát Shibuya Sky - Ngắm Tokyo Từ Trên Cao', 'uploads/entertainment33.png', 'Tọa lạc tại đỉnh tòa tháp Shibuya Scramble Square sầm uất. Ngắm nhìn toàn cảnh ngã tư Shibuya huyền thoại và đỉnh núi Phú Sĩ từ xa.', 550000, '2 Chome-24-12 Shibuya, Tokyo, Nhật Bản', 4.8, 1780),
(34, 'Disneyland Paris - Phép Màu Cổ Tích Giữa Lòng Nước Pháp', 'uploads/entertainment34.png', 'Hòa mình vào thế giới cổ tích huyền ảo của Walt Disney tại Paris, tham gia các buổi diễu hành đầy màu sắc và bắn pháo hoa lộng lẫy đêm.', 1800000, 'Boulevard de Parc, Chessy, Pháp', 4.8, 1420),
(35, 'Dạo Thuyền Sông Seine - Chiêm Ngưỡng Paris Lãng Mạn', 'uploads/entertainment35.png', 'Hành trình lãng mạn dạo thuyền trên dòng sông Seine thơ mộng, ngắm nhìn tháp Eiffel, nhà thờ Đức Bà và các cây cầu cổ kính lung linh ánh đèn.', 350000, 'Port de la Bourdonnais, Paris, Pháp', 4.7, 1310),
(36, 'Bảo Tàng Louvre - Thiên Đường Nghệ Thuật Thế Giới', 'uploads/entertainment36.png', 'Bảo tàng nghệ thuật lớn nhất thế giới, nơi lưu giữ kiệt tác bức tranh Mona Lisa của Leonardo da Vinci và tượng nữ thần sắc đẹp Venus.', 450000, 'Rue de Rivoli, Paris, Pháp', 4.9, 2010),
(37, 'Vòng Quay Khổng Lồ London Eye - Ngắm Thủ Đô Nước Anh', 'uploads/entertainment37.png', 'Trải nghiệm ngắm nhìn toàn cảnh dòng sông Thames và tòa nhà Quốc hội Anh từ độ cao 135m trên vòng quay khổng lồ mang tính biểu tượng.', 950000, 'Riverside Building, Westminster Bridge Rd, London, Anh', 4.8, 1530),
(38, 'Warner Bros. Studio Tour - Khám Phá Thế Giới Harry Potter', 'uploads/entertainment38.png', 'Bước chân vào thế giới phép thuật huyền bí của Harry Potter, chiêm ngưỡng đại sảnh đường Hogwarts, hẻm Xéo và các đạo cụ làm phim chân thực.', 1500000, 'Studio Tour Dr, Leavesden, Watford, Anh', 4.9, 1890),
(39, 'Lotte World Seoul - Công Viên Giải Trí Trong Nhà Lớn Nhất', 'uploads/entertainment39.png', 'Công viên giải trí tích hợp khổng lồ gồm khu vui chơi phiêu lưu trong nhà lớn nhất thế giới và đảo ma thuật ngoài trời lãng mạn giữa hồ.', 1100000, '240 Olympic-ro, Songpa-gu, Seoul, Hàn Quốc', 4.8, 1650),
(40, 'Everland Resort - Công Viên Giải Trí Ngoài Trời Lớn Nhất', 'uploads/entertainment40.png', 'Khám phá 5 phân khu trò chơi độc đáo đầy phơi khởi, vườn thú Zootopia hoang dã và đường trượt tàu lượn bằng gỗ T-Express dốc nhất thế giới.', 1200000, '199 Everland-ro, Cheoin-gu, Yongin-si, Gyeonggi-do, Hàn Quốc', 4.9, 1820),
(41, 'Đài Quan Sát N Seoul Tower - Khóa Tình Yêu Lãng Mạn', 'uploads/entertainment41.png', 'Biểu tượng lãng mạn của thủ đô Seoul tọa lạc trên đỉnh núi Namsan, nơi lưu giữ hàng triệu chiếc khóa tình yêu rực rỡ sắc màu.', 300000, '105 Namsangongwon-gil, Yongsan-gu, Seoul, Hàn Quốc', 4.7, 1450),
(42, 'Chợ Nổi Damnoen Saduak - Trải Nghiệm Sông Nước Độc Đáo', 'uploads/entertainment42.png', 'Khám phá ngôi chợ nổi truyền thống sầm uất bậc nhất của Thái Lan, mua sắm hoa quả tươi ngon và đồ thủ công mỹ nghệ trực tiếp trên thuyền.', 250000, 'Damnoen Saduak, Ratchaburi, Thái Lan', 4.6, 910),
(43, 'Safari World Bangkok - Vườn Thú Bán Hoang Dã Lớn Nhất', 'uploads/entertainment43.png', 'Trải nghiệm ngồi xe bus chuyên dụng đi qua rừng thú hoang dã ngắm hổ sư tử, xem các show biểu diễn cá heo và khỉ đấm bốc vui nhộn.', 750000, '99 Panya Indra Rd, Sam Wa Tawan Tok, Khlong Sam Wa, Bangkok, Thái Lan', 4.8, 1280),
(44, 'Taronga Zoo Sydney - Vườn Thú Bên Vịnh Biển Đẹp Nhất', 'uploads/entertainment44.png', 'Vườn thú độc đáo tọa lạc bên bờ vịnh Sydney, nơi bạn có thể vừa ngắm nhìn các loài động vật bản địa Úc vừa chiêm ngưỡng nhà hát con sò.', 780000, 'Bradleys Head Rd, Mosman, Sydney, Úc', 4.8, 890),
(45, 'Dạo Thuyền Trên Vịnh Sydney - Ngắm Nhà Hát Con Sò', 'uploads/entertainment45.png', 'Chuyến dạo thuyền sang trọng quanh vịnh cảng Sydney, ngắm hoàng hôn buông xuống cầu cảng nguy nga và nhà hát Opera House nổi tiếng.', 650000, 'Circular Quay, Sydney, Úc', 4.7, 1020),
(46, 'Công Viên Nước Aquaventure Dubai - Khám Phá Đại Dương', 'uploads/entertainment46.png', 'Công viên nước khổng lồ tọa lạc trên đảo nhân tạo Palm Jumeirah với các đường trượt mạo hiểm xuyên qua hồ chứa đầy cá mập.', 2100000, 'Atlantis The Palm, Crescent Rd, Dubai, UAE', 4.9, 1540),
(47, 'Trải Nghiệm Trượt Tuyết Ski Dubai - Giữa Sa Mạc Nóng Bỏng', 'uploads/entertainment47.png', 'Công viên tuyết trong nhà khổng lồ đầu tiên tại Trung Đông, tận hưởng cảm giác trượt tuyết lạnh giá và ngắm những chú chim cánh cụt.', 1800000, 'Sheikh Zayed Rd, Al Barsha, Dubai, UAE', 4.8, 1100),
(48, 'Đài Quan Sát Burj Khalifa At The Top - Tòa Nhà Cao Nhất Thế Giới', 'uploads/entertainment48.png', 'Chiêm ngưỡng toàn cảnh sa mạc và vịnh biển Dubai rực rỡ từ đài quan sát ở tầng 124 và 125 của tòa tháp cao nhất hành tinh.', 1200000, '1 Sheikh Mohammed bin Rashid Blvd, Dubai, UAE', 4.9, 2800),
(49, 'Đấu Trường La Mã Colosseum - Khám Phá Lịch Sử Rome', 'uploads/entertainment49.png', 'Khám phá kỳ quan kiến trúc cổ đại vĩ đại nhất của đế chế La Mã, tìm hiểu lịch sử các cuộc giao đấu sinh tử của các đấu sĩ kiêu hùng.', 450000, 'Piazza del Colosseo, Rome, Ý', 4.9, 1980),
(50, 'Du Thuyền Khám Phá Kênh Đào Venice Lãng Mạn', 'uploads/entertainment50.png', 'Trải nghiệm ngồi thuyền Gondola truyền thống lướt nhẹ trên các dòng kênh đào Venice thơ mộng, ngắm nhìn những tòa nhà cổ kính.', 800000, 'Piazza San Marco, Venice, Ý', 4.9, 1430);

-- --------------------------------------------------------
-- Cấu trúc bảng cho bảng `duthuyen`
--
DROP TABLE IF EXISTS `duthuyen`;
CREATE TABLE IF NOT EXISTS `duthuyen` (
  `id` int(11) NOT NULL AUTO_INCREMENT,
  `name` varchar(255) NOT NULL,
  `image` varchar(255) NOT NULL,
  `description` text DEFAULT NULL,
  `price` double NOT NULL DEFAULT 0,
  `address` varchar(255) NOT NULL,
  `rating` float NOT NULL DEFAULT 5,
  `views` int(11) NOT NULL DEFAULT 0,
  PRIMARY KEY (`id`)
) ENGINE=InnoDB DEFAULT CHARSET=utf8mb4 COLLATE=utf8mb4_unicode_ci;

-- Thêm dữ liệu mẫu cho bảng `duthuyen`
INSERT INTO `duthuyen` (`id`, `name`, `image`, `description`, `price`, `address`, `rating`, `views`) VALUES
(1, 'Du thuyền Emperor Cruises Nha Trang', 'uploads/cruise1.png', 'Trải nghiệm du thuyền hoàng gia lấy cảm hứng từ vua Bảo Đại. Hải trình ngắm hoàng hôn vịnh Nha Trang lung linh kèm tiệc tối sang trọng.', 1250000, 'Cảng Nha Trang, Vĩnh Nguyên, Nha Trang', 4.9, 1200),
(2, 'Du thuyền Ambassador Hạ Long Premium', 'uploads/cruise2.png', 'Siêu du thuyền 5 sao lớn nhất Vịnh Hạ Long với 46 cabin sang trọng, bể bơi kính ngoài trời và sàn tắm nắng rộng tới 870m2.', 3200000, 'Cảng tàu khách quốc tế Hạ Long, Bãi Cháy', 4.8, 1420),
(3, 'Du thuyền Stellar of the Seas Lan Hạ', 'uploads/cruise3.png', 'Du thuyền thiết kế đương đại sang trọng bậc nhất vịnh Lan Hạ, sở hữu bể bơi tam giác tràn bờ, sân golf mini và hầm rượu vang.', 4500000, 'Bến Gót, Cát Hải, Hải Phòng (Vịnh Lan Hạ)', 4.9, 1890),
(4, 'Du thuyền Heritage Bình Chuẩn Cát Bà', 'uploads/cruise4.png', 'Du thuyền nghệ thuật mang phong cách Đông Dương những năm 1930. Chiêm ngưỡng tranh vẽ của danh họa Phạm Lực và thư viện Bạch Thái Bưởi.', 3800000, 'Cảng tàu khách quốc tế Tuần Châu, Quảng Ninh', 4.8, 1560),
(5, 'Du thuyền Capella Lan Hạ đẳng cấp', 'uploads/cruise5.png', 'Nổi bật với cầu trượt nước từ tầng cao thẳng xuống biển độc đáo. Du thuyền sở hữu hồ bơi Oasis, bể sục Jacuzzi và rạp chiếu phim mini.', 4200000, 'Bến phà Tuần Châu, Hạ Long (Vịnh Lan Hạ)', 4.9, 2100),
(6, 'Du thuyền Paradise Elegance Hạ Long', 'uploads/cruise6.png', 'Kiệt tác du thuyền vỏ thép mang vẻ đẹp tân cổ điển Pháp, trải nghiệm lớp học nấu ăn trên sân thượng rộng lớn ngắm hoàng hôn.', 3500000, 'Đảo Tuần Châu, Hạ Long, Quảng Ninh', 4.7, 1150),
(7, 'Du thuyền Indochine Lan Hạ Premium', 'uploads/cruise7.png', 'Không gian mang đậm kiến trúc thuộc địa Đông Dương cổ kính, thưởng thức bữa tối gourmet 5 sao và dịch vụ mát-xa chuyên nghiệp.', 3700000, 'Bến phà Got, Cát Hải, Hải Phòng', 4.8, 980),
(8, 'Du thuyền Orchid Lan Hạ sang trọng', 'uploads/cruise8.png', 'Thiết kế thanh lịch với chỉ 14 cabin rộng rãi, toàn bộ phòng nghỉ đều có ban công riêng hướng vịnh ngắm cảnh tuyệt đẹp.', 3900000, 'Bến Tuần Châu, Hạ Long (Vịnh Lan Hạ)', 4.8, 860),
(9, 'Du thuyền Mon Chéri Lan Hạ 5 sao', 'uploads/cruise9.png', 'Du thuyền sang trọng phục vụ thực đơn Halal đạt chứng nhận quốc tế và các món ăn đặc biệt phù hợp cho du khách ăn kiêng.', 3600000, 'Cảng tàu khách quốc tế Tuần Châu, Quảng Ninh', 4.6, 920),
(10, 'Du thuyền Elite of the Seas siêu sang', 'uploads/cruise10.png', 'Siêu du thuyền 6 sao đầu tiên tại Việt Nam có bể bơi dát vàng tràn bờ, dịch vụ quản gia 24/7 và bãi đáp trực thăng sang trọng.', 6500000, 'Bến phà Tuần Châu, Hạ Long (Vịnh Lan Hạ)', 4.9, 2450),
(11, 'Du thuyền Scarlet Pearl Lan Hạ', 'uploads/cruise11.png', 'Lấy cảm hứng từ ngọc trai biển khơi, trang bị thuyền buồm catamaran sang trọng đưa khách đi lặn ngắm san hô tại vịnh Lan Hạ.', 4100000, 'Cảng tàu khách quốc tế Hạ Long, Quảng Ninh', 4.8, 1310),
(12, 'Du thuyền Catherine Hạ Long đẳng cấp', 'uploads/cruise12.png', 'Siêu du thuyền 5 sao thiết kế tinh xảo dành riêng cho các cặp đôi du lịch lãng mạn, trang bị spa xông hơi hồng ngoại đẳng cấp.', 4400000, 'Cảng tàu khách quốc tế Tuần Châu, Hạ Long', 4.9, 1750),
(13, 'Du thuyền Essence Grand Hạ Long siêu du thuyền', 'uploads/cruise13.png', 'Du thuyền xanh thân thiện với môi trường sở hữu bãi đáp trực thăng, rạp chiếu phim 3D, phòng tập golf 3D hiện đại bậc nhất.', 4800000, 'Cảng tàu khách quốc tế Tuần Châu, Hạ Long', 4.9, 2200),
(14, 'Du thuyền Sea Octopus Hạ Long sang chảnh', 'uploads/cruise14.png', 'Thiên đường ẩm thực nổi trên biển vịnh Hạ Long, hải trình 4 tiếng ngắm hoàng hôn lung linh và tiệc buffet hải sản thượng hạng.', 1450000, 'Cảng tàu khách quốc tế Hạ Long, Bãi Cháy', 4.7, 1050),
(15, 'Du thuyền Rita Cruise Lan Hạ 5 sao', 'uploads/cruise15.png', 'Du thuyền có bể bơi ngoài trời hiện đại, phòng tập gym hướng vịnh và các hoạt động chèo thuyền kayak khám phá hang Sáng Tối.', 3450000, 'Cảng tàu khách quốc tế Tuần Châu, Quảng Ninh', 4.6, 880),
(16, 'Du thuyền Rosy Cruise Lan Hạ thanh lịch', 'uploads/cruise16.png', 'Hải trình độc đáo khám phá khu vực hoang sơ ít người biết tại vịnh Lan Hạ, phục vụ đồ uống chào mừng cao cấp khi lên tàu.', 3200000, 'Bến Tuần Châu, Hạ Long, Quảng Ninh', 4.5, 760),
(17, 'Du thuyền Le Theatre Lan Hạ (Du Thuyền Nhà Hát)', 'uploads/cruise17.png', 'Thiết kế lấy cảm hứng từ nhà hát tân cổ điển hoành tráng, sở hữu cabin siêu rộng và phòng ăn mang kiến trúc hoàng gia.', 4000000, 'Bến phà Tuần Châu, Hạ Long (Vịnh Lan Hạ)', 4.8, 1490),
(18, 'Du thuyền Hermes Hạ Long sang trọng', 'uploads/cruise18.png', 'Sở hữu hồ bơi bốn mùa ngoài trời, dịch vụ spa trị liệu đá nóng cao cấp và phòng suite có bồn tắm jacuzzi hướng vịnh.', 4300000, 'Cảng tàu khách quốc tế Tuần Châu, Hạ Long', 4.8, 1250),
(19, 'Du thuyền Doris Cruise Lan Hạ hiện đại', 'uploads/cruise19.png', 'Được đánh giá cao nhờ thái độ phục vụ tận tâm của thủy thủ đoàn, buffet hải sản phong phú và các lớp thái cực quyền buổi sáng.', 3150000, 'Bến Tuần Châu, Hạ Long, Quảng Ninh', 4.7, 950),
(20, 'Du thuyền Sena Cruise Lan Hạ ấm cúng', 'uploads/cruise20.png', 'Du thuyền mang phong cách boutique nhỏ xinh, ấm cúng bằng gỗ mun cổ truyền mang lại trải nghiệm hoài niệm yên tĩnh.', 2800000, 'Bến phà Tuần Châu, Hạ Long (Vịnh Lan Hạ)', 4.6, 680),
(21, 'Du thuyền Sealife Legend Lan Hạ', 'uploads/cruise21.png', 'Trang bị phòng nghỉ thượng lưu có ban công rộng, lớp học nấu các món ăn truyền thống Việt Nam và quầy bar rượu vang sang trọng.', 3950000, 'Cảng tàu khách quốc tế Tuần Châu, Quảng Ninh', 4.8, 1100),
(22, 'Du thuyền Peony Cruise Lan Hạ', 'uploads/cruise22.png', 'Đặt tên theo hoa mẫu đơn kiêu sa, du thuyền mang tông màu trắng hồng nhẹ nhàng lãng mạn vô cùng thích hợp cho trăng mật.', 3300000, 'Bến phà Tuần Châu, Hạ Long (Vịnh Lan Hạ)', 4.7, 850),
(23, 'Du thuyền Bhaya Classic Hạ Long', 'uploads/cruise23.png', 'Thương hiệu du thuyền gỗ truyền thống lâu đời và uy tín bậc nhất vịnh Hạ Long, đưa bạn tham quan làng chài nổi Vung Viêng.', 2900000, 'Cảng Tuần Châu, Hạ Long, Quảng Ninh', 4.6, 790),
(24, 'Du thuyền Âu Cơ Hạ Long đẳng cấp', 'uploads/cruise24.png', 'Du thuyền vỏ thép sang trọng chạy hải trình 3 ngày 2 đêm độc quyền khám phá vịnh Hạ Long, vịnh Lan Hạ và đảo Cát Bà xanh mát.', 5800000, 'Cảng Tuần Châu, Hạ Long, Quảng Ninh', 4.8, 1240),
(25, 'Du thuyền Signature Halong Cruise', 'uploads/cruise25.png', 'Nổi tiếng với thiết kế hoàng gia bằng gỗ quý sang trọng, phục vụ bữa tối nướng BBQ trực tiếp trên boong tàu lộng gió.', 3650000, 'Cảng tàu khách quốc tế Hạ Long, Bãi Cháy', 4.7, 1010),
(26, 'Du thuyền Pelican Halong Cruise', 'uploads/cruise26.png', 'Hải trình an toàn tuyệt đối với vỏ thép chắc chắn, cabin thiết kế hiện đại có cửa kính sát trần ngắm trọn vẹn vịnh đá vôi.', 3000000, 'Cảng tàu khách quốc tế Tuần Châu, Quảng Ninh', 4.5, 620),
(27, 'Du thuyền Glory Legend Hạ Long giá tốt', 'uploads/cruise27.png', 'Sự lựa chọn hoàn hảo cho gia đình nghỉ dưỡng cuối tuần với chi phí tiết kiệm, tham quan hang Sửng Sốt và đảo Ti Tốp.', 2600000, 'Cảng tàu khách quốc tế Tuần Châu, Hạ Long', 4.5, 840),
(28, 'Du thuyền Swan Cruise vịnh Bái Tử Long', 'uploads/cruise28.png', 'Đưa bạn lánh xa đám đông ồn ào để khám phá vẻ đẹp hoang sơ tĩnh lặng của vịnh Bái Tử Long kỳ bí và hoang dã.', 2750000, 'Cảng tàu khách quốc tế Hạ Long, Quảng Ninh', 4.7, 910),
(29, 'Du thuyền Dragon Legend Bái Tử Long', 'uploads/cruise29.png', 'Tác phẩm nghệ thuật chạm khắc gỗ tinh xảo mang đậm dấu ấn văn hóa trống đồng Đông Sơn cổ đại trong lòng du thuyền.', 4200000, 'Cảng quốc tế Hòn Gai, Hạ Long, Quảng Ninh', 4.9, 1370),
(30, 'Du thuyền Indochina Sails Hạ Long', 'uploads/cruise30.png', 'Trải nghiệm ngủ đêm trên vịnh bằng cánh buồm cam truyền thống lãng mạn, thưởng thức nhạc dân tộc trên boong tàu ban đêm.', 3400000, 'Cảng Tuần Châu, Hạ Long, Quảng Ninh', 4.6, 750),
(31, 'Du thuyền Emperor Cruises Phú Quốc Hoàng Gia', 'uploads/cruise31.png', 'Ngắm hoàng hôn nam đảo Phú Quốc trên chiếc du thuyền gỗ kiểu cổ sang trọng, phục vụ tôm hùm nướng và rượu vang cao cấp.', 1350000, 'Cảng An Thới, Phú Quốc, Kiên Giang', 4.9, 1100),
(32, 'Du thuyền Sarita Phú Quốc Catamaran', 'uploads/cruise32.png', 'Du thuyền buồm hai thân Catamaran đầu tiên tại Phú Quốc mang phong cách quý tộc Pháp, lặn ngắm san hô tại hòn Móng Tay.', 1500000, 'Bến cảng An Thới, Phú Quốc, Kiên Giang', 4.8, 1340),
(33, 'Du thuyền Nautilus Phú Quốc hiện đại', 'uploads/cruise33.png', 'Tổ hợp vui chơi giải trí trên biển Phú Quốc với các môn thể thao mạo hiểm: dù bay, mô tô nước, đi bộ dưới đáy đại dương.', 950000, 'Bãi Sao, An Thới, Phú Quốc', 4.6, 920),
(34, 'Du thuyền Sea Coral Nha Trang sang trọng', 'uploads/cruise34.png', 'Trải nghiệm tiệc tối lãng mạn ngắm hoàng hôn vịnh Nha Trang trên du thuyền vỏ thép hiện đại bậc nhất, ca nhạc acoustic sống động.', 1150000, 'Cảng Nha Trang, Vĩnh Nguyên, Nha Trang', 4.8, 1050),
(35, 'Du thuyền Horizon Nha Trang 5 sao', 'uploads/cruise35.png', 'Sở hữu boong tàu ngắm cảnh 360 độ cực rộng, quầy bar ngoài trời phục vụ cocktail mát lạnh và các hoạt động chèo thuyền SUP.', 1200000, 'Cảng Nha Trang, Khánh Hòa', 4.7, 860),
(36, 'Du thuyền Harems Cruise Nha Trang', 'uploads/cruise36.png', 'Du thuyền mang phong cách thiết kế Châu Âu hiện đại với 3 tầng rộng lớn, rạp chiếu phim ngoài trời và tiệc buffet hải sản.', 1300000, 'Cảng Cầu Đá, Nha Trang, Khánh Hòa', 4.6, 680),
(37, 'Du thuyền Poseidon Cruise Nha Trang siêu sang', 'uploads/cruise37.png', 'Lấy cảm hứng từ vị thần biển cả Poseidon, du thuyền có boong tắm nắng dát gỗ tếch sang trọng và hồ bơi jacuzzi ngoài trời.', 1400000, 'Cảng du lịch Nha Trang, Khánh Hòa', 4.8, 1200),
(38, 'Du thuyền Saigon Princess sông Sài Gòn', 'uploads/cruise38.png', 'Du thuyền ẩm thực 5 sao sang trọng trôi trên sông Sài Gòn, ngắm toàn cảnh Landmark 81 nguy nga lộng lẫy về đêm.', 980000, 'Cảng Sài Gòn, Quận 4, TP. Hồ Chí Minh', 4.9, 2150),
(39, 'Du thuyền Indochina Queen sông Sài Gòn', 'uploads/cruise39.png', 'Trải nghiệm tiệc tối buffet ẩm thực Á - Âu phong phú và thưởng thức các tiết mục múa dân tộc đặc sắc dọc sông Sài Gòn.', 550000, 'Cảng Bạch Đằng, Quận 1, TP. Hồ Chí Minh', 4.5, 1780),
(40, 'Du thuyền Bonsai Cruise sông Sài Gòn cổ điển', 'uploads/cruise40.png', 'Du thuyền rồng bằng gỗ nghệ thuật độc đáo, thưởng thức ẩm thực buffet cao cấp và biểu diễn nghệ thuật âm nhạc dân gian.', 850000, 'Cảng Nhà Rồng, Quận 4, TP. Hồ Chí Minh', 4.7, 1420),
(41, 'Du thuyền La Regina Royal Hạ Long', 'uploads/cruise41.png', 'Được mệnh danh là Nữ hoàng của Vịnh Hạ Long, du thuyền hoàng gia sở hữu nội thất gỗ gõ đỏ tinh xảo mang phong cách lịch lãm.', 3300000, 'Cảng tàu khách quốc tế Hạ Long, Quảng Ninh', 4.7, 830),
(42, 'Du thuyền La Regina Grand Lan Hạ', 'uploads/cruise42.png', 'Trải nghiệm hành trình nghỉ dưỡng cao cấp với phòng nghỉ siêu rộng lên tới 45m2 có bồn tắm nằm bằng gỗ bách hương thơm ngát.', 4150000, 'Bến phà Tuần Châu, Hạ Long (Vịnh Lan Hạ)', 4.8, 1140),
(43, 'Du thuyền La Regina Legend Lan Hạ siêu sang', 'uploads/cruise43.png', 'Nơi hội tụ của những thượng khách tinh tế với thư viện cổ, hầm rượu vang quý hiếm và dịch vụ quản gia cao cấp chuẩn Anh.', 5500000, 'Bến phà Tuần Châu, Hạ Long (Vịnh Lan Hạ)', 4.9, 1560),
(44, 'Du thuyền Paradise Sails Hạ Long huyền thoại', 'uploads/cruise44.png', 'Du thuyền gỗ phong cách truyền thống nổi tiếng từng tiếp đón nhiều nguyên thủ quốc gia ghé thăm và nghỉ đêm trên vịnh.', 3100000, 'Đảo Tuần Châu, Hạ Long, Quảng Ninh', 4.6, 920),
(45, 'Du thuyền Paradise Peak Hạ Long sang trọng nhất', 'uploads/cruise45.png', 'Đỉnh cao của sự riêng tư với chỉ 8 cabin thượng lưu, toàn bộ phòng nghỉ đều tích hợp phòng xông hơi và bể sục jacuzzi riêng biệt.', 5900000, 'Đảo Tuần Châu, Hạ Long, Quảng Ninh', 4.9, 1280),
(46, 'Du thuyền Calypso Cruise Lan Hạ nổi bật', 'uploads/cruise46.png', 'Du thuyền vỏ thép sơn trắng muốt sang trọng với cột buồm cao vút kiêu hãnh lướt đi qua những đảo đá karst xanh tươi.', 2950000, 'Bến Tuần Châu, Hạ Long, Quảng Ninh', 4.5, 780),
(47, 'Du thuyền Azalea Cruise Lan Hạ cao cấp', 'uploads/cruise47.png', 'Sở hữu phòng suite gia đình cực rộng, quầy bar tầng thượng phục vụ cocktail nhiệt đới và dịch vụ xe limousine đón tiễn.', 3750000, 'Bến phà Got, Cát Hải, Hải Phòng', 4.7, 1020),
(48, 'Du thuyền Mon Chéri Cruise Lan Hạ 2', 'uploads/cruise48.png', 'Du thuyền thân kim loại hiện đại có bể bơi ngoài trời tràn viền tuyệt đẹp, khu vui chơi cho trẻ em an toàn và đầy đủ tiện nghi.', 3700000, 'Cảng Tuần Châu, Hạ Long, Quảng Ninh', 4.8, 950),
(49, 'Du thuyền Era Cruise Lan Hạ sang xịn mịn', 'uploads/cruise49.png', 'Sở hữu các cabin suite rộng lớn có bồn sục jacuzzi hướng biển cực rộng, ngắm hoàng hôn buông xuống vịnh Lan Hạ từ phòng ngủ.', 4250000, 'Bến phà Tuần Châu, Hạ Long (Vịnh Lan Hạ)', 4.9, 1380),
(50, 'Du thuyền Oasis Bay Party Cruise Hạ Long', 'uploads/cruise50.png', 'Du thuyền tiệc tùng lớn nhất Hạ Long có bể sục jacuzzi ngoài trời cực lớn, sàn nhảy sôi động cùng hệ thống âm thanh hiện đại.', 2650000, 'Cảng tàu khách quốc tế Tuần Châu, Hạ Long', 4.6, 1120),
(51, 'Du thuyền Serenity Cruise Lan Hạ Catamaran', 'uploads/cruise51.png', 'Chiêm ngưỡng kiến trúc du thuyền tương lai siêu độc đáo, lướt sóng êm ái bằng hệ thống cánh ngầm catamaran tiên tiến nhất.', 4600000, 'Bến phà Tuần Châu, Hạ Long (Vịnh Lan Hạ)', 4.8, 1470),
(52, 'Du thuyền Margaret Cruise Hạ Long 5 sao', 'uploads/cruise52.png', 'Du thuyền vỏ thép sang trọng mang vẻ đẹp thanh lịch của bông hoa cúc trắng, trang bị spa xông hơi khô hiện đại.', 3200000, 'Cảng tàu khách quốc tế Hạ Long, Bãi Cháy', 4.7, 980),
(53, 'Du thuyền Amanda Cruise Hạ Long sang chảnh', 'uploads/cruise53.png', 'Trải nghiệm trọn vẹn vịnh Hạ Long trên hành trình 2 ngày 1 đêm cao cấp, tham quan Hang Luồn bằng thuyền nan truyền thống.', 2850000, 'Cảng tàu khách quốc tế Tuần Châu, Quảng Ninh', 4.5, 870),
(54, 'Du thuyền Athena Royal Cruise Hạ Long', 'uploads/cruise54.png', 'Sự pha trộn hoàn mỹ giữa phong cách tân cổ điển hoàng gia và nét đẹp hiện đại, sở hữu cabin siêu vip hướng trực diện mũi tàu.', 4100000, 'Cảng tàu khách quốc tế Hạ Long, Bãi Cháy', 4.8, 1260),
(55, 'Du thuyền Signature Royal Halong Cruise', 'uploads/cruise55.png', 'Du thuyền bằng gỗ gõ đỏ tinh xảo có bồn tắm jacuzzi trong phòng, lớp học thái cực quyền đón bình minh thanh bình trên vịnh.', 3800000, 'Cảng tàu khách quốc tế Hạ Long, Quảng Ninh', 4.7, 1020),
(56, 'Du thuyền Aclass Stellar Cruise Hạ Long', 'uploads/cruise56.png', 'Du thuyền phong cách gỗ ấm cúng mang lại cảm giác thân thuộc như ngôi nhà thứ hai, thích hợp cho nhóm bạn trẻ du lịch bụi.', 2500000, 'Cảng Tuần Châu, Hạ Long, Quảng Ninh', 4.5, 670),
(57, 'Du thuyền Aclass Legend Cruise Hạ Long', 'uploads/cruise57.png', 'Trải nghiệm du lịch vịnh Hạ Long mộc mạc yên bình, chèo kayak khám phá hồ Ba Hầm hoang sơ và lặn ngắm rạn san hô.', 2400000, 'Cảng Tuần Châu, Hạ Long, Quảng Ninh', 4.4, 580),
(58, 'Du thuyền Carina Cruise Lan Hạ xinh xắn', 'uploads/cruise58.png', 'Chỉ có 9 cabin bằng gỗ tự nhiên đem đến không gian nghỉ dưỡng vô cùng yên bình riêng tư, tránh xa sự ồn ào đô thị.', 2700000, 'Bến phà Tuần Châu, Hạ Long (Vịnh Lan Hạ)', 4.5, 730),
(59, 'Du thuyền Lavender Cruise Hạ Long lãng mạn', 'uploads/cruise59.png', 'Du thuyền gỗ ấm cúng mang hương thơm nhẹ nhàng từ hoa oải hương lavender thư thái, lý tưởng cho những chuyến đi ngắn ngày.', 2300000, 'Cảng tàu khách quốc tế Hạ Long, Quảng Ninh', 4.4, 690),
(60, 'Du thuyền Phoenix Cruise Hạ Long cổ truyền', 'uploads/cruise60.png', 'Du thuyền mang hình dáng chim phượng hoàng lửa phương Đông lộng lẫy, lớp học làm nem cuốn truyền thống thú vị trên boong tàu.', 2450000, 'Cảng Tuần Châu, Hạ Long, Quảng Ninh', 4.5, 810);





-- --------------------------------------------------------

-- --------------------------------------------------------
-- Cấu trúc bảng cho bảng `thuexe`
--

-- Cấu trúc bảng cho bảng `thuexe`
--

-- --------------------------------------------------------
-- Cấu trúc bảng cho bảng `thuexe`
--
DROP TABLE IF EXISTS `thuexe`;
CREATE TABLE IF NOT EXISTS `thuexe` (
  `id` int(11) NOT NULL AUTO_INCREMENT,
  `name` varchar(255) NOT NULL,
  `image` varchar(255) NOT NULL,
  `description` text DEFAULT NULL,
  `price` double NOT NULL DEFAULT 0,
  `address` varchar(255) NOT NULL,
  `rating` float NOT NULL DEFAULT 5,
  `views` int(11) NOT NULL DEFAULT 0,
  PRIMARY KEY (`id`)
) ENGINE=InnoDB DEFAULT CHARSET=utf8mb4 COLLATE=utf8mb4_unicode_ci;

-- Thêm dữ liệu cho bảng `thuexe`
INSERT INTO `thuexe` (`id`, `name`, `image`, `description`, `price`, `address`, `rating`, `views`) VALUES
(1, 'Kia Morning 2021 (Tự lái)', 'uploads/car1.png', 'Dòng xe Hatchback 4 chỗ nhỏ gọn, số tự động, tiết kiệm nhiên liệu, rất thích hợp đi lại trong nội thành Đà Nẵng.', 550000, 'Quận Hải Châu, Đà Nẵng', 4.4, 439),
(2, 'Hyundai Grand i10 2022 (Tự lái)', 'uploads/car2.png', 'Hatchback 4 chỗ rộng rãi, số sàn êm ái, thích hợp cho gia đình nhỏ đi du lịch dã ngoại hoặc công tác ngắn ngày.', 580000, 'Quận Hoàn Kiếm, Hà Nội', 4.4, 385),
(3, 'VinFast Fadil 1.4 Premium (Tự lái)', 'uploads/car3.png', 'Dòng xe Hatchback phân khúc A mạnh mẽ bậc nhất, số tự động vô cấp CVT, trang bị hệ thống an toàn tối ưu.', 600000, 'Quận 1, TP. Hồ Chí Minh', 4.4, 364),
(4, 'Toyota Vios 1.5G 2021 (Tự lái)', 'uploads/car4.png', 'Dòng sedan 5 chỗ quốc dân, số tự động, khoang hành lý rộng rãi, xe vận hành bền bỉ, tiết kiệm nhiên liệu.', 750000, 'Quận Sơn Trà, Đà Nẵng', 4.3, 192),
(5, 'Honda City RS 2022 (Tự lái)', 'uploads/car5.png', 'Sedan 5 chỗ thể thao cá tính, số tự động vô cấp CVT, nội thất bọc da pha nỉ hiện đại, điều hòa mát sâu.', 800000, 'Quận Cầu Giấy, Hà Nội', 4.6, 305),
(6, 'Hyundai Accent Athletic 2022 (Tự lái)', 'uploads/car6.png', 'Sedan 5 chỗ kiểu dáng trẻ trung năng động, số tự động, có trang bị cửa sổ trời và bản đồ định vị thông minh.', 780000, 'Quận 3, TP. Hồ Chí Minh', 4.7, 336),
(7, 'Mazda 3 Premium 2022 (Tự lái)', 'uploads/car7.png', 'Sedan phân khúc C cao cấp kiểu dáng Kodo sang trọng thời thượng, số tự động, hỗ trợ Apple CarPlay không dây.', 950000, 'Quận Tây Hồ, Hà Nội', 4.9, 482),
(8, 'Kia K3 Luxury 1.6 2022 (Tự lái)', 'uploads/car8.png', 'Sedan 5 chỗ ngồi rộng rãi thoải mái bậc nhất, số tự động, trang bị điều hòa độc lập và sạc không dây.', 900000, 'Quận Ngũ Hành Sơn, Đà Nẵng', 4.5, 127),
(9, 'Hyundai Elantra 2.0 2021 (Tự lái)', 'uploads/car9.png', 'Dòng sedan thể thao cao cấp, số tự động, không gian lái yên tĩnh, giảm chấn cực tốt mang lại hành trình thoải mái.', 880000, 'Quận Tân Bình, TP. Hồ Chí Minh', 4.8, 353),
(10, 'Honda Civic RS Turbo 2022 (Tự lái)', 'uploads/car10.png', 'Sedan thể thao đẳng cấp cao, động cơ tăng áp 1.5L VTEC Turbo cực bốc, trang bị gói an toàn thông minh Honda Sensing.', 1100000, 'Quận Long Biên, Hà Nội', 4.4, 465),
(11, 'Toyota Camry 2.5Q 2021 (Tự lái)', 'uploads/car11.png', 'Sedan hạng D sang trọng đẳng cấp, số tự động, hàng ghế sau ngả lưng chỉnh điện và hệ thống âm thanh JBL cao cấp.', 1400000, 'Quận 7, TP. Hồ Chí Minh', 4.2, 342),
(12, 'Mazda 6 Signature 2021 (Tự lái)', 'uploads/car12.png', 'Sedan hạng D thời thượng phong cách thể thao, trang bị phanh tay điện tử, màn hình HUD và camera 360 sắc nét.', 1300000, 'Quận Hải Châu, Đà Nẵng', 4.8, 163),
(13, 'VinFast Lux A2.0 Premium (Tự lái)', 'uploads/car13.png', 'Sedan hạng E cao cấp gầm bệ chắc chắn chuẩn Đức, động cơ 2.0L tăng áp dẫn động cầu sau cho cảm giác lái đầm chắc.', 1200000, 'Quận Đống Đa, Hà Nội', 4.3, 273),
(14, 'VinFast VF e34 Điện (Tự lái)', 'uploads/car14.png', 'Dòng Crossover điện thông minh 5 chỗ rộng rãi, sạc nhanh tiện lợi, tích hợp trợ lý ảo tiếng Việt cực kỳ thông minh.', 800000, 'Quận Liên Chiểu, Đà Nẵng', 4.9, 318),
(15, 'VinFast VF 8 Plus Điện (Tự lái)', 'uploads/car15.png', 'SUV điện 5 chỗ thông minh cao cấp, động cơ điện kép dẫn động 4 bánh siêu tốc độ, trang bị hỗ trợ lái nâng cao ADAS.', 1400000, 'Quận Hoàn Kiếm, Hà Nội', 4.8, 437),
(16, 'VinFast VF 9 Plus Điện (Có tài)', 'uploads/car16.png', 'Siêu SUV điện 7 chỗ cỡ lớn, ghế thương gia tích hợp massage thông gió cao cấp, phù hợp đưa đón tiếp khách VIP.', 2500000, 'Quận 2, TP. Hồ Chí Minh', 4.3, 440),
(17, 'Mercedes-Benz C200 Avantgarde 2021 (Có tài)', 'uploads/car17.png', 'Sedan hạng sang từ hãng xe Đức, xe hoa đám cưới lịch lãm hoặc đưa đón hội nghị VIP kèm tài xế chuyên nghiệp.', 2800000, 'Quận 3, TP. Hồ Chí Minh', 5, 287),
(18, 'Mercedes-Benz E300 AMG 2022 (Có tài)', 'uploads/car18.png', 'Sedan hạng sang cao cấp, nội thất ốp gỗ cao cấp và đèn viền 64 màu, phục vụ khách hàng thượng lưu chu đáo nhất.', 3800000, 'Quận Hoàn Kiếm, Hà Nội', 4.5, 357),
(19, 'BMW 520i M Sport 2022 (Có tài)', 'uploads/car19.png', 'Xe sang phong cách thể thao mạnh mẽ Đức, xe luôn được vệ sinh sạch sẽ thơm tho, phục vụ đưa đón đúng giờ.', 3800000, 'Quận 1, TP. Hồ Chí Minh', 4.2, 445),
(20, 'Lexus RX350 Premium 2021 (Có tài)', 'uploads/car20.png', 'SUV hạng sang Nhật Bản vận hành êm ái cách âm tuyệt đối, mang lại trải nghiệm đỉnh cao cho hành trình tiếp khách.', 4200000, 'Quận Hải Châu, Đà Nẵng', 4.3, 375),
(21, 'Mitsubishi Xpander Premium 2022 (Tự lái)', 'uploads/car21.png', 'Xe đa dụng MPV 7 chỗ bán chạy nhất Việt Nam, gầm cao thoáng đạt, số tự động lái nhẹ nhàng và tiết kiệm nhiên liệu.', 850000, 'Quận Cẩm Lệ, Đà Nẵng', 4.8, 449),
(22, 'Toyota Veloz Cross Top 2022 (Tự lái)', 'uploads/car22.png', 'MPV 7 chỗ thông minh, số tự động CVT, sạc điện thoại không dây, màn hình trần giải trí cho hành khách phía sau.', 950000, 'Quận Thanh Xuân, Hà Nội', 4.9, 359),
(23, 'Suzuki XL7 Sport Limited 2021 (Tự lái)', 'uploads/car23.png', 'SUV 7 chỗ kiểu dáng cá tính năng động, điều hòa làm lạnh nhanh, camera 360 hỗ trợ đỗ xe dễ dàng.', 880000, 'Quận Bình Thạnh, TP. Hồ Chí Minh', 4.6, 190),
(24, 'Toyota Innova 2.0E 2020 (Tự lái)', 'uploads/car24.png', 'Xe 7 chỗ rộng rãi bền bỉ trứ danh, động cơ 2.0L mạnh mẽ khỏe khoắn, gầm cao thích hợp đi các cung đường xa.', 900000, 'Quận Ba Đình, Hà Nội', 4.3, 45),
(25, 'Toyota Innova Venturer 2021 (Tự lái)', 'uploads/car25.png', 'Dòng Innova phiên bản thể thao cá tính, 7 chỗ ngồi tiện nghi thoải mái thích hợp phục vụ cả gia đình đi du lịch.', 1000000, 'Quận Sơn Trà, Đà Nẵng', 4.9, 102),
(26, 'Hyundai Tucson 2.0 Premium 2022 (Tự lái)', 'uploads/car26.png', 'SUV 5 chỗ thiết kế phá cách hiện đại, số tự động, trang bị màn hình cảm ứng kép cỡ lớn và cốp điện thông minh.', 1100000, 'Quận Cầu Giấy, Hà Nội', 4.3, 261),
(27, 'Mazda CX-5 2.0 Premium 2022 (Tự lái)', 'uploads/car27.png', 'SUV 5 chỗ thiết kế thời thượng cá tính, số tự động, hệ thống 10 loa Bose mang lại không gian âm nhạc sống động.', 1100000, 'Quận 2, TP. Hồ Chí Minh', 4.6, 59),
(28, 'Honda CR-V 1.5 L 2021 (Tự lái)', 'uploads/car28.png', 'SUV 7 chỗ (5+2) cao cấp bền bỉ, động cơ 1.5L Turbo tiết kiệm xăng, tích hợp cửa sổ trời toàn cảnh panorama.', 1200000, 'Quận Thanh Khê, Đà Nẵng', 4.2, 78),
(29, 'Mitsubishi Outlander 2.0 Premium 2021 (Tự lái)', 'uploads/car29.png', 'SUV 7 chỗ rộng rãi, cách âm tốt bậc nhất phân khúc, số tự động êm ái, ghế lái chỉnh điện tiện dụng.', 1050000, 'Quận Sơn Trà, Đà Nẵng', 4.8, 343),
(30, 'Kia Seltos 1.4 Premium 2022 (Tự lái)', 'uploads/car30.png', 'SUV cỡ nhỏ năng động trẻ trung, số tự động, gầm cao linh hoạt đi trong phố lẫn đường trường đều rất đầm.', 850000, 'Quận Đống Đa, Hà Nội', 4.5, 246),
(31, 'Hyundai Creta 1.5 Cao Cấp 2022 (Tự lái)', 'uploads/car31.png', 'SUV đô thị 5 chỗ hiện đại, trang bị phanh tay điện tử, làm mát ghế lái và hệ thống loa Bose cao cấp.', 850000, 'Quận Gò Vấp, TP. Hồ Chí Minh', 4.7, 234),
(32, 'Toyota Corolla Cross 1.8V 2022 (Tự lái)', 'uploads/car32.png', 'Crossover 5 chỗ nhập khẩu Thái Lan bền bỉ, trang bị gói an toàn Toyota Safety Sense cao cấp cực kỳ an tâm.', 1000000, 'Quận Liên Chiểu, Đà Nẵng', 5, 213),
(33, 'Kia Sportage Signature 2022 (Tự lái)', 'uploads/car33.png', 'SUV 5 chỗ thiết kế tương lai hiện đại, số tự động, cửa sổ trời toàn cảnh, ghế chỉnh điện sấy sưởi đa năng.', 1150000, 'Quận Tây Hồ, Hà Nội', 4.9, 463),
(34, 'Ford Territory Titanium 2023 (Tự lái)', 'uploads/car34.png', 'SUV 5 chỗ thế hệ mới rộng rãi tiện nghi vượt trội phân khúc, số tự động, sạc không dây và phanh tự động khẩn cấp.', 1100000, 'Quận 1, TP. Hồ Chí Minh', 4.7, 374),
(35, 'Peugeot 3008 Active 2021 (Tự lái)', 'uploads/car35.png', 'SUV 5 chỗ thương hiệu Pháp thiết kế khoang lái i-Cockpit độc đáo như máy bay, số tự động vận hành đầm chắc.', 1200000, 'Quận Hải Châu, Đà Nẵng', 4.7, 372),
(36, 'Hyundai SantaFe 2.2 Dầu Premium 2021 (Tự lái)', 'uploads/car36.png', 'SUV 7 chỗ máy dầu cao cấp êm ái, số tự động 8 cấp, trang bị dẫn động 4 bánh HTRAC vượt mọi địa hình trơn trượt.', 1500000, 'Quận Cầu Giấy, Hà Nội', 4.7, 390),
(37, 'Kia Sorento Signature Dầu 2022 (Tự lái)', 'uploads/car37.png', 'SUV 7 chỗ máy dầu cao cấp, nội thất bọc da nappa cao cấp, trang bị sưởi/thông gió ghế và HUD hiển thị kính lái.', 1500000, 'Quận 7, TP. Hồ Chí Minh', 4.7, 272),
(38, 'Toyota Fortuner 2.4 Dầu 2021 (Tự lái)', 'uploads/car38.png', 'SUV 7 chỗ gầm cao cơ bắp máy dầu bền bỉ tiết kiệm nhiên liệu, phù hợp chở gia đình chinh phục đồi cát Nha Trang.', 1300000, 'Thành phố Nha Trang, Khánh Hòa', 4.7, 266),
(39, 'Ford Everest Titanium 2.0 Bi-Turbo 2022 (Tự lái)', 'uploads/car39.png', 'SUV 7 chỗ gầm cao nhập khẩu, động cơ tăng áp kép cực kỳ mạnh mẽ đầm chắc, phù hợp đổ đèo dốc uốn lượn Đà Lạt.', 1600000, 'Thành phố Đà Lạt, Lâm Đồng', 4.2, 107),
(40, 'VinFast Lux SA2.0 Cao Cấp 2021 (Tự lái)', 'uploads/car40.png', 'SUV 7 chỗ cỡ lớn dẫn động 4 bánh toàn thời gian AWD, gầm cao cách âm đỉnh cao mang lại sự êm ái cho hành trình.', 1600000, 'Quận Ngũ Hành Sơn, Đà Nẵng', 4.9, 283),
(41, 'Mitsubishi Pajero Sport Dầu 2021 (Tự lái)', 'uploads/car41.png', 'SUV 7 chỗ gầm cao thực thụ máy dầu mạnh mẽ, số tự động 8 cấp có lẫy chuyển số vô lăng thể thao.', 1350000, 'Quận Gò Vấp, TP. Hồ Chí Minh', 4.7, 463),
(42, 'Isuzu mu-X B7 Plus 2022 (Tự lái)', 'uploads/car42.png', 'SUV 7 chỗ thực dụng nhập khẩu Thái Lan bền bỉ dẻo dai, máy dầu cực kỳ tiết kiệm nhiên liệu cho chuyến đi dài.', 1100000, 'Quận Long Biên, Hà Nội', 4.2, 459),
(43, 'Ford Ranger Wildtrak 2.0 Bi-Turbo 2021 (Tự lái)', 'uploads/car43.png', 'Xe bán tải 5 chỗ ngồi thể thao cơ bắp Mỹ, động cơ tăng áp kép dẫn động 4 bánh chủ động, thích hợp du lịch mạo hiểm.', 1100000, 'Quận Hải Châu, Đà Nẵng', 4.8, 313),
(44, 'Toyota Hilux Adventure 2.8 2021 (Tự lái)', 'uploads/car44.png', 'Xe bán tải bền bỉ hàng đầu nhập khẩu nguyên chiếc, số tự động, cabin kép tiện nghi thoải mái chở hành lý cắm trại.', 1100000, 'Quận Tân Bình, TP. Hồ Chí Minh', 5, 129),
(45, 'Mitsubishi Triton Athlete 2022 (Tự lái)', 'uploads/car45.png', 'Bán tải thể thao thiết kế Dynamic Shield hiện đại gầm cao, số tự động vận hành êm ái đầm chắc chắn.', 1000000, 'Quận Cầu Giấy, Hà Nội', 4.2, 325),
(46, 'Ford Transit Luxury 16 chỗ (Có tài)', 'uploads/car46.png', 'Dòng xe 16 chỗ phục vụ du lịch đoàn đông người, ghế da ngả độc lập thoải mái, điều hòa hai dàn lạnh chạy mát rượi.', 1500000, 'Quận Long Biên, Hà Nội', 4.8, 373),
(47, 'Hyundai Solati 16 chỗ VIP (Có tài)', 'uploads/car47.png', 'Dòng xe 16 chỗ phân khúc cao cấp trần xe cao thoáng đãng, số sàn, trang bị bệ bước tự động, khoang để hành lý rộng.', 1800000, 'Quận Hải Châu, Đà Nẵng', 4.4, 439),
(48, 'Toyota Hiace Cá Mập 16 chỗ (Có tài)', 'uploads/car48.png', 'Dòng xe 16 chỗ nhập khẩu Nhật Bản bền bỉ tiết kiệm xăng, thích hợp đưa đón nhân viên hoặc gia đình đi chơi xa.', 1400000, 'Quận 1, TP. Hồ Chí Minh', 4.3, 172),
(49, 'Ford Transit Limousine Dcar 9 chỗ (Có tài)', 'uploads/car49.png', 'Chuyên cơ mặt đất Limousine 9 ghế da thương gia chỉnh điện, tích hợp massage nâng đỡ chân và cổng sạc usb.', 2200000, 'Quận Hoàn Kiếm, Hà Nội', 4.7, 103),
(50, 'Hyundai Solati Limousine Dcar 12 chỗ (Có tài)', 'uploads/car50.png', 'Xe Limousine 12 chỗ ngồi rộng rãi bọc da cao cấp, trang bị tủ lạnh mini, wifi tốc độ cao và tivi led giải trí.', 2500000, 'Quận Hải Châu, Đà Nẵng', 4.3, 223),
(51, 'Ford Transit Limousine 16 chỗ (Có tài)', 'uploads/car51.png', 'Limousine 16 chỗ ngồi tiện nghi sang trọng thích hợp đưa đón đoàn doanh nhân, golfer dự giải đấu sang trọng.', 2800000, 'Quận 3, TP. Hồ Chí Minh', 4.4, 268),
(52, 'Toyota Fortuner Limousine 7 chỗ (Có tài)', 'uploads/car52.png', 'SUV Fortuner độ Limousine sang trọng, ghế ngồi khoang VIP rộng rãi êm ái, tài xế bản địa đưa đón tận tình.', 2000000, 'Thành phố Nha Trang, Khánh Hòa', 4.4, 450),
(53, 'Kia Sedona Carnival 2.2 Dầu 2020 (Tự lái)', 'uploads/car53.png', 'Mẫu xe MPV 7 chỗ cỡ lớn gia đình cực kỳ tiện nghi rộng rãi, số tự động cửa lùa điện hai bên vô cùng tiện lợi.', 1300000, 'Quận Tây Hồ, Hà Nội', 4.7, 323),
(54, 'Kia Carnival Premium 2022 (Tự lái)', 'uploads/car54.png', 'Mẫu MPV thế hệ mới siêu rộng rãi thiết kế lịch lãm đẳng cấp, số tự động, thích hợp đi gia đình đông người du lịch.', 1800000, 'Quận Hải Châu, Đà Nẵng', 4.2, 383),
(55, 'Kia Carnival Royal 4 chỗ VIP (Có tài)', 'uploads/car55.png', 'Phiên bản Carnival hoàng gia với 4 chỗ ngồi siêu VIP biệt lập, vách ngăn tivi led 32 inch, tài xế phục vụ chuẩn VIP.', 3500000, 'Quận 1, TP. Hồ Chí Minh', 5, 490),
(56, 'Toyota Alphard Luxury 2021 (Có tài)', 'uploads/car56.png', 'Chuyên cơ mặt đất Toyota Alphard sang trọng bậc nhất, ghế thương gia chỉnh điện đa hướng, tài xế tận tâm chuyên nghiệp.', 4500000, 'Quận Hoàn Kiếm, Hà Nội', 4.6, 238),
(57, 'Hyundai Starex 9 chỗ 2019 (Tự lái)', 'uploads/car57.png', 'Mẫu xe MPV 9 chỗ ngồi thực dụng bền bỉ, số tự động êm ái, thích hợp chở nhiều người du lịch chi phí tiết kiệm.', 950000, 'Quận Cầu Giấy, Hà Nội', 4.9, 382),
(58, 'Ford Tourneo Titanium 2020 (Tự lái)', 'uploads/car58.png', 'Xe MPV 7 chỗ ngồi phong cách Châu Âu rộng rãi, treo khí nén phía sau êm ái thoải mái cho người ngồi suốt chuyến đi.', 1000000, 'Quận Bình Thạnh, TP. Hồ Chí Minh', 4.8, 394),
(59, 'Mercedes-Benz V250 Luxury 2020 (Có tài)', 'uploads/car59.png', 'Dòng xe MPV hạng sang thương hiệu ngôi sao ba cánh Đức, ghế VIP chỉnh điện, thích hợp đi lại làm việc hoặc tiếp đối tác.', 3200000, 'Quận 7, TP. Hồ Chí Minh', 4.2, 392),
(60, 'Lexus LM300h 4 chỗ siêu VIP (Có tài)', 'uploads/car60.png', 'Đỉnh cao chuyên cơ mặt đất sang trọng Lexus LM300h, vách ngăn riêng tư, tủ lạnh, ghế massage hoàng gia có tài xế phục vụ.', 6000000, 'Quận Hoàn Kiếm, Hà Nội', 4.9, 273),
(61, 'Hyundai County 29 chỗ (Có tài)', 'uploads/car61.png', 'Xe khách 29 chỗ tầm trung thích hợp cho đoàn du lịch, học sinh đi trải nghiệm thực tế, tài xế giàu kinh nghiệm.', 2500000, 'Quận Cầu Giấy, Hà Nội', 4.2, 413),
(62, 'Thaco Meadow TB85S 29 chỗ (Có tài)', 'uploads/car62.png', 'Xe khách 29 chỗ bầu hơi êm ái đầm chắc, trang bị tivi, karaoke chất lượng cao phục vụ các tour nội địa xa.', 2800000, 'Quận Hải Châu, Đà Nẵng', 4.5, 344),
(63, 'Samco Felix 29 chỗ (Có tài)', 'uploads/car63.png', 'Dòng xe 29 chỗ đời mới thiết kế sang trọng, động cơ Isuzu bền bỉ, thích hợp đi đèo dốc hiểm trở.', 2700000, 'Quận Tân Bình, TP. Hồ Chí Minh', 4.8, 395),
(64, 'Isuzu Samco 29 chỗ (Có tài)', 'uploads/car64.png', 'Xe du lịch 29 chỗ đời mới sạch sẽ thơm tho, lái xe lịch thiệp am hiểu các tuyến điểm tham quan du lịch.', 2600000, 'Quận Tây Hồ, Hà Nội', 4.6, 221),
(65, 'Hyundai Universe Express 45 chỗ (Có tài)', 'uploads/car65.png', 'Dòng xe khách 45 chỗ cao cấp nhất hiện nay, khoang xe rộng rãi, bầu hơi êm ái vượt mọi cung đường xa.', 3800000, 'Quận 1, TP. Hồ Chí Minh', 4.7, 355),
(66, 'Thaco Bluesky 120S 45 chỗ (Có tài)', 'uploads/car66.png', 'Xe du lịch 45 chỗ đời mới chất lượng cao, trang bị hệ thống ánh sáng led hiện đại và dàn âm thanh sống động.', 4000000, 'Quận Đống Đa, Hà Nội', 4.6, 380),
(67, 'Hyundai Universe Noble 47 chỗ (Có tài)', 'uploads/car67.png', 'Dòng xe Universe 47 chỗ ngồi rộng rãi ghế da cao cấp, lái xe an toàn chu đáo nhiệt tình, hỗ trợ khách suốt tuyến.', 4200000, 'Quận Liên Chiểu, Đà Nẵng', 4.6, 241),
(68, 'Thaco Mobihome 40 giường (Có tài)', 'uploads/car68.png', 'Xe khách giường nằm cao cấp 40 giường có chăn gối sạch sẽ, cổng sạc điện thoại tiện lợi tại mỗi vị trí nằm.', 4500000, 'Quận Hoàn Kiếm, Hà Nội', 4.3, 339),
(69, 'Xe Limousine giường phòng 22 phòng (Có tài)', 'uploads/car69.png', 'Chuyên cơ di động giường phòng VIP 22 cabin riêng tư có tivi LCD, tai nghe bluetooth phục vụ tour du lịch cao cấp.', 5500000, 'Quận 3, TP. Hồ Chí Minh', 4.6, 436),
(70, 'Toyota Wigo 2021 (Tự lái)', 'uploads/car70.png', 'Hatchback 4 chỗ nhỏ gọn bền bỉ Nhật Bản, tiết kiệm nhiên liệu tối đa, số tự động dễ lái đi lại trong phố.', 500000, 'Quận Hải Châu, Đà Nẵng', 4.3, 269),
(71, 'Honda Brio 2020 (Tự lái)', 'uploads/car71.png', 'Dòng xe 4 chỗ nhỏ gọn thể thao nhập khẩu Indonesia, số tự động đầm chắc cách âm tốt bậc nhất phân khúc.', 550000, 'Quận 1, TP. Hồ Chí Minh', 5, 225),
(72, 'Mitsubishi Attrage 2021 (Tự lái)', 'uploads/car72.png', 'Sedan 5 chỗ rộng rãi tầm trung, tiết kiệm nhiên liệu vượt trội, số tự động vô cấp CVT lái cực kỳ nhàn.', 600000, 'Quận Cầu Giấy, Hà Nội', 4.2, 272),
(73, 'Nissan Almera 2022 (Tự lái)', 'uploads/car73.png', 'Sedan 5 chỗ nhập khẩu Thái Lan động cơ tăng áp 1.0L mạnh mẽ, cabin rộng rãi, số tự động mượt mà.', 700000, 'Quận Sơn Trà, Đà Nẵng', 4.2, 319),
(74, 'Kia Soluto 2021 (Tự lái)', 'uploads/car74.png', 'Sedan 5 chỗ thực dụng tầm trung, số tự động lái nhẹ nhàng, thích hợp du lịch giá rẻ tiết kiệm chi phí.', 600000, 'Quận 3, TP. Hồ Chí Minh', 5, 421),
(75, 'Mazda 2 Luxury 2022 (Tự lái)', 'uploads/car75.png', 'Sedan 5 chỗ thiết kế Kodo thanh lịch nhỏ gọn, số tự động, nhiều trang bị an toàn cao cấp phong cách trẻ.', 750000, 'Quận Ngũ Hành Sơn, Đà Nẵng', 5, 292),
(76, 'Mazda CX-3 Premium 2022 (Tự lái)', 'uploads/car76.png', 'SUV cỡ nhỏ gầm cao thể thao cá tính, số tự động, có hiển thị kính lái HUD hiện đại và phanh tự động.', 850000, 'Quận Tây Hồ, Hà Nội', 4.5, 162),
(77, 'Hyundai Kona 2.0 2021 (Tự lái)', 'uploads/car77.png', 'Crossover 5 chỗ năng động mạnh mẽ động cơ 2.0L, số tự động, điều hòa hai chiều làm lạnh nhanh sâu.', 800000, 'Quận Gò Vấp, TP. Hồ Chí Minh', 4.7, 107),
(78, 'Honda HR-V L 2022 (Tự lái)', 'uploads/car78.png', 'SUV 5 chỗ thiết kế coupe thể thao, số tự động CVT, ghế Magic Seat gập đa năng tiện dụng chứa đồ cắm trại.', 950000, 'Quận Đống Đa, Hà Nội', 5, 423),
(79, 'Peugeot 2008 GT Line 2022 (Tự lái)', 'uploads/car79.png', 'SUV 5 chỗ phong cách Pháp thời thượng, đèn led răng nanh sư tử ấn tượng, số tự động lái cực đầm chắc.', 1000000, 'Quận Liên Chiểu, Đà Nẵng', 4.3, 297),
(80, 'Mazda CX-30 Premium 2022 (Tự lái)', 'uploads/car80.png', 'Crossover 5 chỗ nhập khẩu nguyên chiếc thiết kế tinh tế sang trọng, số tự động 6 cấp êm ái nhẹ nhàng.', 1000000, 'Quận 2, TP. Hồ Chí Minh', 4.5, 106),
(81, 'Toyota Corolla Altis 1.8V 2022 (Tự lái)', 'uploads/car81.png', 'Sedan 5 chỗ phân khúc C bền bỉ lịch lãm Nhật Bản, số tự động CVT, trang bị gói an toàn TSS thông minh.', 1000000, 'Quận Cầu Giấy, Hà Nội', 4.5, 450),
(82, 'Mazda CX-8 Premium 2021 (Tự lái)', 'uploads/car82.png', 'SUV 7 chỗ cỡ lớn rộng rãi êm ái, bọc da nappa cao cấp, trang bị loa Bose và camera 360 độ siêu nét.', 1400000, 'Quận 1, TP. Hồ Chí Minh', 4.5, 303),
(83, 'Hyundai Palisade Exclusive 2023 (Tự lái)', 'uploads/car83.png', 'SUV 7 chỗ cỡ lớn bề thế lịch lãm, động cơ dầu 2.2L êm ái, thích hợp cho chuyến đi gia đình đông người tiện lợi.', 1700000, 'Quận Hải Châu, Đà Nẵng', 4.4, 260),
(84, 'Ford Explorer Limited 2022 (Có tài)', 'uploads/car84.png', 'SUV 7 chỗ nhập khẩu Mỹ siêu sang trọng, động cơ tăng áp EcoBoost 2.3L mạnh mẽ, tài xế phục vụ suốt tuyến.', 2500000, 'Quận Tây Hồ, Hà Nội', 4.7, 168),
(85, 'Peugeot 5008 AL 2022 (Tự lái)', 'uploads/car85.png', 'SUV 7 chỗ thương hiệu Pháp thiết kế khoang lái mô phỏng chuyên cơ hiện đại, ghế lái massage cao cấp thư giãn.', 1400000, 'Quận Bình Thạnh, TP. Hồ Chí Minh', 4.6, 144),
(86, 'Subaru Forester i-S EyeSight 2021 (Tự lái)', 'uploads/car86.png', 'SUV 5 chỗ nhập khẩu an toàn bậc nhất thế giới, dẫn động 4 bánh toàn thời gian đối xứng S-AWD vượt trội mọi địa hình.', 1200000, 'Quận Liên Chiểu, Đà Nẵng', 4.6, 257),
(87, 'Jeep Wrangler Rubicon 2021 (Tự lái)', 'uploads/car87.png', 'SUV off-road huyền thoại Mỹ mui trần cá tính bụi bặm, động cơ 2.0L tăng áp vượt địa hình đồi cát cực đỉnh.', 3000000, 'Quận Sơn Trà, Đà Nẵng', 4.6, 134),
(88, 'Chevrolet Trailblazer Dầu 2019 (Tự lái)', 'uploads/car88.png', 'SUV 7 chỗ gầm cao mạnh mẽ cơ bắp Mỹ máy dầu số tự động, xe cực đầm chắc chạy đường trường đèo dốc rất đã.', 1100000, 'Quận Đống Đa, Hà Nội', 4.4, 479),
(89, 'Nissan Terra V 2020 (Tự lái)', 'uploads/car89.png', 'SUV 7 chỗ gầm cao nhập khẩu số tự động dẫn động 2 cầu mạnh mẽ bền bỉ vượt mọi cát đá lầy lội công trình.', 1100000, 'Quận Gò Vấp, TP. Hồ Chí Minh', 4.7, 229),
(90, 'Thaco Town 29 chỗ bầu hơi (Có tài)', 'uploads/car90.png', 'Dòng xe khách 29 chỗ bầu hơi hiện đại, tivi lcd, dàn karaoke giải trí sống động suốt hành trình dài.', 2700000, 'Quận Long Biên, Hà Nội', 4.9, 116),
(91, 'Samco Growin Li 29 chỗ (Có tài)', 'uploads/car91.png', 'Xe du lịch 29 chỗ ngồi thiết kế sang trọng đời mới, ghế bọc da êm ái ngả lưng sâu thoải mái cho khách.', 2800000, 'Quận Hải Châu, Đà Nẵng', 4.9, 71),
(92, 'Hyundai Aero Space 45 chỗ (Có tài)', 'uploads/car92.png', 'Xe du lịch 45 chỗ ngồi thực dụng bền bỉ, lái xe nhiều năm kinh nghiệm chạy các tuyến Tây Bắc, Đông Bắc an toàn.', 3500000, 'Quận 3, TP. Hồ Chí Minh', 4.6, 117),
(93, 'Hyundai Universe Prime 45 chỗ (Có tài)', 'uploads/car93.png', 'Siêu xe du lịch 45 chỗ Universe đời mới nội thất hoàng gia lộng lẫy, đầy đủ tiện nghi giải trí tủ lạnh mini.', 4200000, 'Quận 2, TP. Hồ Chí Minh', 4.2, 374),
(94, 'VinFast VF 5 Plus Điện (Tự lái)', 'uploads/car94.png', 'Hatchback điện cỡ nhỏ thông minh thời thượng thích hợp đi lại luồn lách đô thị chật hẹp vô cùng tiện lợi.', 600000, 'Quận Sơn Trà, Đà Nẵng', 4.9, 243),
(95, 'VinFast VF 6 Plus 2023 (Tự lái)', 'uploads/car95.png', 'Crossover điện 5 chỗ thông minh hiện đại, trợ lý ảo tiếng Việt, camera 360 và gói an toàn thông minh ADAS.', 900000, 'Quận Cầu Giấy, Hà Nội', 4.2, 454),
(96, 'VinFast VF 7 Plus 2024 (Tự lái)', 'uploads/car96.png', 'SUV điện 5 chỗ thiết kế tương lai ấn tượng thể thao, động cơ điện kép siêu mạnh mẽ cực bốc lái phấn khích.', 1200000, 'Quận Tân Bình, TP. Hồ Chí Minh', 4.9, 194),
(97, 'Toyota Land Cruiser Prado 2021 (Có tài)', 'uploads/car97.png', 'SUV gầm cao hạng sang Nhật Bản phục vụ đưa đón nguyên thủ, chuyên gia đi công tác vùng cao, đồi núi đầm chắc.', 3000000, 'Quận Tây Hồ, Hà Nội', 4.4, 133),
(98, 'Mercedes-Benz S450 Luxury 2022 (Có tài)', 'uploads/car98.png', 'Sedan siêu sang Mercedes S-Class, nội thất thương gia thượng lưu, lái xe phục vụ chuẩn nghi thức ngoại giao lịch lãm.', 5000000, 'Quận 1, TP. Hồ Chí Minh', 5, 99),
(99, 'BMW 730Li M Sport 2022 (Có tài)', 'uploads/car99.png', 'Sedan hạng sang đầu bảng BMW Series 7, thiết kế thể thao kiêu hãnh, tài xế phục vụ chu đáo lịch thiệp đúng giờ.', 5000000, 'Quận Hải Châu, Đà Nẵng', 4.5, 269),
(100, 'Audi A8L Premium 2021 (Có tài)', 'uploads/car100.png', 'Sedan hạng sang cỡ lớn Audi A8L, đèn pha Matrix led đỉnh cao, trải nghiệm cabin yên tĩnh cách âm tuyệt đối.', 5500000, 'Quận Hoàn Kiếm, Hà Nội', 4.7, 189);

-- Cấu trúc bảng cho bảng `leucamtrai`
--

-- --------------------------------------------------------
-- Cấu trúc bảng cho bảng `leucamtrai`
--
DROP TABLE IF EXISTS `leucamtrai`;
CREATE TABLE IF NOT EXISTS `leucamtrai` (
  `id` int(11) NOT NULL AUTO_INCREMENT,
  `name` varchar(255) NOT NULL,
  `image` varchar(255) NOT NULL,
  `description` text DEFAULT NULL,
  `price` double NOT NULL DEFAULT 0,
  `address` varchar(255) NOT NULL,
  `rating` float NOT NULL DEFAULT 5,
  `views` int(11) NOT NULL DEFAULT 0,
  PRIMARY KEY (`id`)
) ENGINE=InnoDB DEFAULT CHARSET=utf8mb4 COLLATE=utf8mb4_unicode_ci;

-- Thêm dữ liệu cho bảng `leucamtrai`
INSERT INTO `leucamtrai` (`id`, `name`, `image`, `description`, `price`, `address`, `rating`, `views`) VALUES
(1, 'Lều cắm trại đơn BeachBasic T-001', 'uploads/tent1.png', 'Lều đơn 1 người gọn nhẹ, chống thấm tốt, thiết kế thông minh tự bung, thích hợp cho dân phượt bụi tự trải nghiệm bãi biển hoang sơ. Trải nghiệm tại Bãi Sao, Phú Quốc thơ mộng. Dịch vụ thuê trọn gói bao gồm cọc neo cát, thảm cách nhiệt và hệ thống chiếu sáng ban đêm.', 140000, 'Bãi Sao, Phú Quốc', 4.4, 256),
(2, 'Lều dã ngoại đôi OceanBreeze T-002', 'uploads/tent2.png', 'Lều đôi 2 người thoáng khí với 2 cửa sổ lưới đón gió biển, khung sợi thủy tinh chắc chắn chống chịu gió cát tốt. Trải nghiệm tại Bãi Khem, Phú Quốc thơ mộng. Dịch vụ thuê trọn gói bao gồm cọc neo cát, thảm cách nhiệt và hệ thống chiếu sáng ban đêm.', 240000, 'Bãi Khem, Phú Quốc', 4.8, 259),
(3, 'Lều mái vòm Dome Deluxe T-003', 'uploads/tent3.png', 'Lều dome 3-4 người hình bán cầu chống bão cát biển, lớp phủ chống tia UV, không gian cắm trại ấm cúng cho nhóm bạn. Trải nghiệm tại Bãi Dài, Phú Quốc thơ mộng. Dịch vụ thuê trọn gói bao gồm cọc neo cát, thảm cách nhiệt và hệ thống chiếu sáng ban đêm.', 430000, 'Bãi Dài, Phú Quốc', 4.8, 302),
(4, 'Lều gia đình Family Outwell T-004', 'uploads/tent4.png', 'Lều lớn 6 người chia làm 2 buồng ngủ riêng biệt và 1 phòng sinh hoạt chung, thích hợp cho kỳ nghỉ cắm trại gia đình bên bờ biển. Trải nghiệm tại Bãi Mỹ Khê, Đà Nẵng thơ mộng. Dịch vụ thuê trọn gói bao gồm cọc neo cát, thảm cách nhiệt và hệ thống chiếu sáng ban đêm.', 730000, 'Bãi Mỹ Khê, Đà Nẵng', 4.9, 35),
(5, 'Lều Glamping Dome Sang Trọng T-005', 'uploads/tent5.png', 'Lều mái vòm Glamping cao cấp đường kính 4m, đầy đủ đệm hơi, quạt máy, đèn lồng vintage và bàn ghế thư giãn ngoài trời. Trải nghiệm tại Bãi Non Nước, Đà Nẵng thơ mộng. Dịch vụ thuê trọn gói bao gồm cọc neo cát, thảm cách nhiệt và hệ thống chiếu sáng ban đêm.', 1150000, 'Bãi Non Nước, Đà Nẵng', 4.5, 268),
(6, 'Lều Safari Glamping Cao Cấp T-006', 'uploads/tent6.png', 'Lều mui trần phong cách Safari châu Phi sang trọng, chất liệu vải canvas cao cấp cách nhiệt, sàn gỗ nâng cao tránh cát ẩm. Trải nghiệm tại Bãi Nam, Bán đảo Sơn Trà thơ mộng. Dịch vụ thuê trọn gói bao gồm cọc neo cát, thảm cách nhiệt và hệ thống chiếu sáng ban đêm.', 1850000, 'Bãi Nam, Bán đảo Sơn Trà', 4.5, 145),
(7, 'Lều dã ngoại chống gió biển T-007', 'uploads/tent7.png', 'Lều chuyên dụng chống gió to sát biển, trang bị cọc ghim thép đúc và dây neo chịu lực tốt, chống mưa rào. Trải nghiệm tại Bãi Trước, Vũng Tàu thơ mộng. Dịch vụ thuê trọn gói bao gồm cọc neo cát, thảm cách nhiệt và hệ thống chiếu sáng ban đêm.', 360000, 'Bãi Trước, Vũng Tàu', 4.9, 285),
(8, 'Lều tự bung thông minh Speedy T-008', 'uploads/tent8.png', 'Lều tự bung chỉ trong 30 giây cực kỳ tiện lợi, thiết kế 2 lớp chống đọng sương ban đêm bên bờ biển. Trải nghiệm tại Bãi Sau, Vũng Tàu thơ mộng. Dịch vụ thuê trọn gói bao gồm cọc neo cát, thảm cách nhiệt và hệ thống chiếu sáng ban đêm.', 300000, 'Bãi Sau, Vũng Tàu', 4.4, 188),
(9, 'Lều Glamping Oasis Luxury T-009', 'uploads/tent9.png', 'Lều Glamping cỡ lớn đầy đủ nội thất sang trọng: giường đệm cao su, điều hòa mini di động, bàn trà, view trực diện đón bình minh biển. Trải nghiệm tại Bãi Dứa, Vũng Tàu thơ mộng. Dịch vụ thuê trọn gói bao gồm cọc neo cát, thảm cách nhiệt và hệ thống chiếu sáng ban đêm.', 2160000, 'Bãi Dứa, Vũng Tàu', 4.6, 243),
(10, 'Lều võng cắm trại độc đáo T-010', 'uploads/tent10.png', 'Lều kết hợp võng treo giữa hai rặng dừa sát biển, lớp lưới chống muỗi và bạt che mưa chắn gió lộng gió. Trải nghiệm tại Bãi Kỳ Co, Quy Nhơn thơ mộng. Dịch vụ thuê trọn gói bao gồm cọc neo cát, thảm cách nhiệt và hệ thống chiếu sáng ban đêm.', 200000, 'Bãi Kỳ Co, Quy Nhơn', 4.6, 329),
(11, 'Lều cắm trại đơn BeachBasic T-011', 'uploads/tent11.png', 'Lều đơn 1 người gọn nhẹ, chống thấm tốt, thiết kế thông minh tự bung, thích hợp cho dân phượt bụi tự trải nghiệm bãi biển hoang sơ. Trải nghiệm tại Bãi Eo Gió, Quy Nhơn thơ mộng. Dịch vụ thuê trọn gói bao gồm cọc neo cát, thảm cách nhiệt và hệ thống chiếu sáng ban đêm.', 140000, 'Bãi Eo Gió, Quy Nhơn', 4.4, 215),
(12, 'Lều dã ngoại đôi OceanBreeze T-012', 'uploads/tent12.png', 'Lều đôi 2 người thoáng khí với 2 cửa sổ lưới đón gió biển, khung sợi thủy tinh chắc chắn chống chịu gió cát tốt. Trải nghiệm tại Bãi Xép, Quy Nhơn thơ mộng. Dịch vụ thuê trọn gói bao gồm cọc neo cát, thảm cách nhiệt và hệ thống chiếu sáng ban đêm.', 260000, 'Bãi Xép, Quy Nhơn', 4.5, 139),
(13, 'Lều mái vòm Dome Deluxe T-013', 'uploads/tent13.png', 'Lều dome 3-4 người hình bán cầu chống bão cát biển, lớp phủ chống tia UV, không gian cắm trại ấm cúng cho nhóm bạn. Trải nghiệm tại Mũi Né, Phan Thiết thơ mộng. Dịch vụ thuê trọn gói bao gồm cọc neo cát, thảm cách nhiệt và hệ thống chiếu sáng ban đêm.', 450000, 'Mũi Né, Phan Thiết', 4.5, 295),
(14, 'Lều gia đình Family Outwell T-014', 'uploads/tent14.png', 'Lều lớn 6 người chia làm 2 buồng ngủ riêng biệt và 1 phòng sinh hoạt chung, thích hợp cho kỳ nghỉ cắm trại gia đình bên bờ biển. Trải nghiệm tại Hòn Rơm, Phan Thiết thơ mộng. Dịch vụ thuê trọn gói bao gồm cọc neo cát, thảm cách nhiệt và hệ thống chiếu sáng ban đêm.', 790000, 'Hòn Rơm, Phan Thiết', 4.6, 104),
(15, 'Lều Glamping Dome Sang Trọng T-015', 'uploads/tent15.png', 'Lều mái vòm Glamping cao cấp đường kính 4m, đầy đủ đệm hơi, quạt máy, đèn lồng vintage và bàn ghế thư giãn ngoài trời. Trải nghiệm tại Bãi biển Đồi Dương, Phan Thiết thơ mộng. Dịch vụ thuê trọn gói bao gồm cọc neo cát, thảm cách nhiệt và hệ thống chiếu sáng ban đêm.', 1200000, 'Bãi biển Đồi Dương, Phan Thiết', 4.6, 250),
(16, 'Lều Safari Glamping Cao Cấp T-016', 'uploads/tent16.png', 'Lều mui trần phong cách Safari châu Phi sang trọng, chất liệu vải canvas cao cấp cách nhiệt, sàn gỗ nâng cao tránh cát ẩm. Trải nghiệm tại Bãi Nhát, Côn Đảo thơ mộng. Dịch vụ thuê trọn gói bao gồm cọc neo cát, thảm cách nhiệt và hệ thống chiếu sáng ban đêm.', 1800000, 'Bãi Nhát, Côn Đảo', 4.5, 88),
(17, 'Lều dã ngoại chống gió biển T-017', 'uploads/tent17.png', 'Lều chuyên dụng chống gió to sát biển, trang bị cọc ghim thép đúc và dây neo chịu lực tốt, chống mưa rào. Trải nghiệm tại Bãi Đầm Trầu, Côn Đảo thơ mộng. Dịch vụ thuê trọn gói bao gồm cọc neo cát, thảm cách nhiệt và hệ thống chiếu sáng ban đêm.', 370000, 'Bãi Đầm Trầu, Côn Đảo', 4.5, 361),
(18, 'Lều tự bung thông minh Speedy T-018', 'uploads/tent18.png', 'Lều tự bung chỉ trong 30 giây cực kỳ tiện lợi, thiết kế 2 lớp chống đọng sương ban đêm bên bờ biển. Trải nghiệm tại Bãi Lò Vôi, Côn Đảo thơ mộng. Dịch vụ thuê trọn gói bao gồm cọc neo cát, thảm cách nhiệt và hệ thống chiếu sáng ban đêm.', 310000, 'Bãi Lò Vôi, Côn Đảo', 4.7, 113),
(19, 'Lều Glamping Oasis Luxury T-019', 'uploads/tent19.png', 'Lều Glamping cỡ lớn đầy đủ nội thất sang trọng: giường đệm cao su, điều hòa mini di động, bàn trà, view trực diện đón bình minh biển. Trải nghiệm tại Bãi Cát Cò, Cát Bà thơ mộng. Dịch vụ thuê trọn gói bao gồm cọc neo cát, thảm cách nhiệt và hệ thống chiếu sáng ban đêm.', 2220000, 'Bãi Cát Cò, Cát Bà', 4.8, 355),
(20, 'Lều võng cắm trại độc đáo T-020', 'uploads/tent20.png', 'Lều kết hợp võng treo giữa hai rặng dừa sát biển, lớp lưới chống muỗi và bạt che mưa chắn gió lộng gió. Trải nghiệm tại Bãi Tùng Thu, Cát Bà thơ mộng. Dịch vụ thuê trọn gói bao gồm cọc neo cát, thảm cách nhiệt và hệ thống chiếu sáng ban đêm.', 190000, 'Bãi Tùng Thu, Cát Bà', 4.3, 238),
(21, 'Lều cắm trại đơn BeachBasic T-021', 'uploads/tent21.png', 'Lều đơn 1 người gọn nhẹ, chống thấm tốt, thiết kế thông minh tự bung, thích hợp cho dân phượt bụi tự trải nghiệm bãi biển hoang sơ. Trải nghiệm tại Bãi Hồng Vàn, Cô Tô thơ mộng. Dịch vụ thuê trọn gói bao gồm cọc neo cát, thảm cách nhiệt và hệ thống chiếu sáng ban đêm.', 150000, 'Bãi Hồng Vàn, Cô Tô', 4.9, 309),
(22, 'Lều dã ngoại đôi OceanBreeze T-022', 'uploads/tent22.png', 'Lều đôi 2 người thoáng khí với 2 cửa sổ lưới đón gió biển, khung sợi thủy tinh chắc chắn chống chịu gió cát tốt. Trải nghiệm tại Bãi Vàn Chảy, Cô Tô thơ mộng. Dịch vụ thuê trọn gói bao gồm cọc neo cát, thảm cách nhiệt và hệ thống chiếu sáng ban đêm.', 240000, 'Bãi Vàn Chảy, Cô Tô', 4.7, 54),
(23, 'Lều mái vòm Dome Deluxe T-023', 'uploads/tent23.png', 'Lều dome 3-4 người hình bán cầu chống bão cát biển, lớp phủ chống tia UV, không gian cắm trại ấm cúng cho nhóm bạn. Trải nghiệm tại Bãi biển Nha Trang, Khánh Hòa thơ mộng. Dịch vụ thuê trọn gói bao gồm cọc neo cát, thảm cách nhiệt và hệ thống chiếu sáng ban đêm.', 470000, 'Bãi biển Nha Trang, Khánh Hòa', 5, 250),
(24, 'Lều gia đình Family Outwell T-024', 'uploads/tent24.png', 'Lều lớn 6 người chia làm 2 buồng ngủ riêng biệt và 1 phòng sinh hoạt chung, thích hợp cho kỳ nghỉ cắm trại gia đình bên bờ biển. Trải nghiệm tại Dốc Lết, Nha Trang thơ mộng. Dịch vụ thuê trọn gói bao gồm cọc neo cát, thảm cách nhiệt và hệ thống chiếu sáng ban đêm.', 740000, 'Dốc Lết, Nha Trang', 4.3, 78),
(25, 'Lều Glamping Dome Sang Trọng T-025', 'uploads/tent25.png', 'Lều mái vòm Glamping cao cấp đường kính 4m, đầy đủ đệm hơi, quạt máy, đèn lồng vintage và bàn ghế thư giãn ngoài trời. Trải nghiệm tại Bãi Dài, Cam Ranh thơ mộng. Dịch vụ thuê trọn gói bao gồm cọc neo cát, thảm cách nhiệt và hệ thống chiếu sáng ban đêm.', 1260000, 'Bãi Dài, Cam Ranh', 5, 192),
(26, 'Lều Safari Glamping Cao Cấp T-026', 'uploads/tent26.png', 'Lều mui trần phong cách Safari châu Phi sang trọng, chất liệu vải canvas cao cấp cách nhiệt, sàn gỗ nâng cao tránh cát ẩm. Trải nghiệm tại Bãi Sao, Phú Quốc thơ mộng. Dịch vụ thuê trọn gói bao gồm cọc neo cát, thảm cách nhiệt và hệ thống chiếu sáng ban đêm.', 1780000, 'Bãi Sao, Phú Quốc', 4.3, 337),
(27, 'Lều dã ngoại chống gió biển T-027', 'uploads/tent27.png', 'Lều chuyên dụng chống gió to sát biển, trang bị cọc ghim thép đúc và dây neo chịu lực tốt, chống mưa rào. Trải nghiệm tại Bãi Khem, Phú Quốc thơ mộng. Dịch vụ thuê trọn gói bao gồm cọc neo cát, thảm cách nhiệt và hệ thống chiếu sáng ban đêm.', 330000, 'Bãi Khem, Phú Quốc', 5, 299),
(28, 'Lều tự bung thông minh Speedy T-028', 'uploads/tent28.png', 'Lều tự bung chỉ trong 30 giây cực kỳ tiện lợi, thiết kế 2 lớp chống đọng sương ban đêm bên bờ biển. Trải nghiệm tại Bãi Dài, Phú Quốc thơ mộng. Dịch vụ thuê trọn gói bao gồm cọc neo cát, thảm cách nhiệt và hệ thống chiếu sáng ban đêm.', 290000, 'Bãi Dài, Phú Quốc', 4.6, 148),
(29, 'Lều Glamping Oasis Luxury T-029', 'uploads/tent29.png', 'Lều Glamping cỡ lớn đầy đủ nội thất sang trọng: giường đệm cao su, điều hòa mini di động, bàn trà, view trực diện đón bình minh biển. Trải nghiệm tại Bãi Mỹ Khê, Đà Nẵng thơ mộng. Dịch vụ thuê trọn gói bao gồm cọc neo cát, thảm cách nhiệt và hệ thống chiếu sáng ban đêm.', 2220000, 'Bãi Mỹ Khê, Đà Nẵng', 4.4, 358),
(30, 'Lều võng cắm trại độc đáo T-030', 'uploads/tent30.png', 'Lều kết hợp võng treo giữa hai rặng dừa sát biển, lớp lưới chống muỗi và bạt che mưa chắn gió lộng gió. Trải nghiệm tại Bãi Non Nước, Đà Nẵng thơ mộng. Dịch vụ thuê trọn gói bao gồm cọc neo cát, thảm cách nhiệt và hệ thống chiếu sáng ban đêm.', 210000, 'Bãi Non Nước, Đà Nẵng', 4.6, 209),
(31, 'Lều cắm trại đơn BeachBasic T-031', 'uploads/tent31.png', 'Lều đơn 1 người gọn nhẹ, chống thấm tốt, thiết kế thông minh tự bung, thích hợp cho dân phượt bụi tự trải nghiệm bãi biển hoang sơ. Trải nghiệm tại Bãi Nam, Bán đảo Sơn Trà thơ mộng. Dịch vụ thuê trọn gói bao gồm cọc neo cát, thảm cách nhiệt và hệ thống chiếu sáng ban đêm.', 160000, 'Bãi Nam, Bán đảo Sơn Trà', 4.6, 307),
(32, 'Lều dã ngoại đôi OceanBreeze T-032', 'uploads/tent32.png', 'Lều đôi 2 người thoáng khí với 2 cửa sổ lưới đón gió biển, khung sợi thủy tinh chắc chắn chống chịu gió cát tốt. Trải nghiệm tại Bãi Trước, Vũng Tàu thơ mộng. Dịch vụ thuê trọn gói bao gồm cọc neo cát, thảm cách nhiệt và hệ thống chiếu sáng ban đêm.', 260000, 'Bãi Trước, Vũng Tàu', 4.6, 260),
(33, 'Lều mái vòm Dome Deluxe T-033', 'uploads/tent33.png', 'Lều dome 3-4 người hình bán cầu chống bão cát biển, lớp phủ chống tia UV, không gian cắm trại ấm cúng cho nhóm bạn. Trải nghiệm tại Bãi Sau, Vũng Tàu thơ mộng. Dịch vụ thuê trọn gói bao gồm cọc neo cát, thảm cách nhiệt và hệ thống chiếu sáng ban đêm.', 460000, 'Bãi Sau, Vũng Tàu', 4.3, 129),
(34, 'Lều gia đình Family Outwell T-034', 'uploads/tent34.png', 'Lều lớn 6 người chia làm 2 buồng ngủ riêng biệt và 1 phòng sinh hoạt chung, thích hợp cho kỳ nghỉ cắm trại gia đình bên bờ biển. Trải nghiệm tại Bãi Dứa, Vũng Tàu thơ mộng. Dịch vụ thuê trọn gói bao gồm cọc neo cát, thảm cách nhiệt và hệ thống chiếu sáng ban đêm.', 770000, 'Bãi Dứa, Vũng Tàu', 4.9, 86),
(35, 'Lều Glamping Dome Sang Trọng T-035', 'uploads/tent35.png', 'Lều mái vòm Glamping cao cấp đường kính 4m, đầy đủ đệm hơi, quạt máy, đèn lồng vintage và bàn ghế thư giãn ngoài trời. Trải nghiệm tại Bãi Kỳ Co, Quy Nhơn thơ mộng. Dịch vụ thuê trọn gói bao gồm cọc neo cát, thảm cách nhiệt và hệ thống chiếu sáng ban đêm.', 1210000, 'Bãi Kỳ Co, Quy Nhơn', 4.8, 383),
(36, 'Lều Safari Glamping Cao Cấp T-036', 'uploads/tent36.png', 'Lều mui trần phong cách Safari châu Phi sang trọng, chất liệu vải canvas cao cấp cách nhiệt, sàn gỗ nâng cao tránh cát ẩm. Trải nghiệm tại Bãi Eo Gió, Quy Nhơn thơ mộng. Dịch vụ thuê trọn gói bao gồm cọc neo cát, thảm cách nhiệt và hệ thống chiếu sáng ban đêm.', 1760000, 'Bãi Eo Gió, Quy Nhơn', 4.3, 71),
(37, 'Lều dã ngoại chống gió biển T-037', 'uploads/tent37.png', 'Lều chuyên dụng chống gió to sát biển, trang bị cọc ghim thép đúc và dây neo chịu lực tốt, chống mưa rào. Trải nghiệm tại Bãi Xép, Quy Nhơn thơ mộng. Dịch vụ thuê trọn gói bao gồm cọc neo cát, thảm cách nhiệt và hệ thống chiếu sáng ban đêm.', 350000, 'Bãi Xép, Quy Nhơn', 4.7, 234),
(38, 'Lều tự bung thông minh Speedy T-038', 'uploads/tent38.png', 'Lều tự bung chỉ trong 30 giây cực kỳ tiện lợi, thiết kế 2 lớp chống đọng sương ban đêm bên bờ biển. Trải nghiệm tại Mũi Né, Phan Thiết thơ mộng. Dịch vụ thuê trọn gói bao gồm cọc neo cát, thảm cách nhiệt và hệ thống chiếu sáng ban đêm.', 310000, 'Mũi Né, Phan Thiết', 4.4, 99),
(39, 'Lều Glamping Oasis Luxury T-039', 'uploads/tent39.png', 'Lều Glamping cỡ lớn đầy đủ nội thất sang trọng: giường đệm cao su, điều hòa mini di động, bàn trà, view trực diện đón bình minh biển. Trải nghiệm tại Hòn Rơm, Phan Thiết thơ mộng. Dịch vụ thuê trọn gói bao gồm cọc neo cát, thảm cách nhiệt và hệ thống chiếu sáng ban đêm.', 2220000, 'Hòn Rơm, Phan Thiết', 5, 99),
(40, 'Lều võng cắm trại độc đáo T-040', 'uploads/tent40.png', 'Lều kết hợp võng treo giữa hai rặng dừa sát biển, lớp lưới chống muỗi và bạt che mưa chắn gió lộng gió. Trải nghiệm tại Bãi biển Đồi Dương, Phan Thiết thơ mộng. Dịch vụ thuê trọn gói bao gồm cọc neo cát, thảm cách nhiệt và hệ thống chiếu sáng ban đêm.', 200000, 'Bãi biển Đồi Dương, Phan Thiết', 4.7, 127),
(41, 'Lều cắm trại đơn BeachBasic T-041', 'uploads/tent41.png', 'Lều đơn 1 người gọn nhẹ, chống thấm tốt, thiết kế thông minh tự bung, thích hợp cho dân phượt bụi tự trải nghiệm bãi biển hoang sơ. Trải nghiệm tại Bãi Nhát, Côn Đảo thơ mộng. Dịch vụ thuê trọn gói bao gồm cọc neo cát, thảm cách nhiệt và hệ thống chiếu sáng ban đêm.', 140000, 'Bãi Nhát, Côn Đảo', 4.4, 225),
(42, 'Lều dã ngoại đôi OceanBreeze T-042', 'uploads/tent42.png', 'Lều đôi 2 người thoáng khí với 2 cửa sổ lưới đón gió biển, khung sợi thủy tinh chắc chắn chống chịu gió cát tốt. Trải nghiệm tại Bãi Đầm Trầu, Côn Đảo thơ mộng. Dịch vụ thuê trọn gói bao gồm cọc neo cát, thảm cách nhiệt và hệ thống chiếu sáng ban đêm.', 260000, 'Bãi Đầm Trầu, Côn Đảo', 4.6, 253),
(43, 'Lều mái vòm Dome Deluxe T-043', 'uploads/tent43.png', 'Lều dome 3-4 người hình bán cầu chống bão cát biển, lớp phủ chống tia UV, không gian cắm trại ấm cúng cho nhóm bạn. Trải nghiệm tại Bãi Lò Vôi, Côn Đảo thơ mộng. Dịch vụ thuê trọn gói bao gồm cọc neo cát, thảm cách nhiệt và hệ thống chiếu sáng ban đêm.', 440000, 'Bãi Lò Vôi, Côn Đảo', 4.7, 321),
(44, 'Lều gia đình Family Outwell T-044', 'uploads/tent44.png', 'Lều lớn 6 người chia làm 2 buồng ngủ riêng biệt và 1 phòng sinh hoạt chung, thích hợp cho kỳ nghỉ cắm trại gia đình bên bờ biển. Trải nghiệm tại Bãi Cát Cò, Cát Bà thơ mộng. Dịch vụ thuê trọn gói bao gồm cọc neo cát, thảm cách nhiệt và hệ thống chiếu sáng ban đêm.', 770000, 'Bãi Cát Cò, Cát Bà', 4.4, 302),
(45, 'Lều Glamping Dome Sang Trọng T-045', 'uploads/tent45.png', 'Lều mái vòm Glamping cao cấp đường kính 4m, đầy đủ đệm hơi, quạt máy, đèn lồng vintage và bàn ghế thư giãn ngoài trời. Trải nghiệm tại Bãi Tùng Thu, Cát Bà thơ mộng. Dịch vụ thuê trọn gói bao gồm cọc neo cát, thảm cách nhiệt và hệ thống chiếu sáng ban đêm.', 1220000, 'Bãi Tùng Thu, Cát Bà', 5, 281),
(46, 'Lều Safari Glamping Cao Cấp T-046', 'uploads/tent46.png', 'Lều mui trần phong cách Safari châu Phi sang trọng, chất liệu vải canvas cao cấp cách nhiệt, sàn gỗ nâng cao tránh cát ẩm. Trải nghiệm tại Bãi Hồng Vàn, Cô Tô thơ mộng. Dịch vụ thuê trọn gói bao gồm cọc neo cát, thảm cách nhiệt và hệ thống chiếu sáng ban đêm.', 1890000, 'Bãi Hồng Vàn, Cô Tô', 4.7, 252),
(47, 'Lều dã ngoại chống gió biển T-047', 'uploads/tent47.png', 'Lều chuyên dụng chống gió to sát biển, trang bị cọc ghim thép đúc và dây neo chịu lực tốt, chống mưa rào. Trải nghiệm tại Bãi Vàn Chảy, Cô Tô thơ mộng. Dịch vụ thuê trọn gói bao gồm cọc neo cát, thảm cách nhiệt và hệ thống chiếu sáng ban đêm.', 370000, 'Bãi Vàn Chảy, Cô Tô', 4.7, 130),
(48, 'Lều tự bung thông minh Speedy T-048', 'uploads/tent48.png', 'Lều tự bung chỉ trong 30 giây cực kỳ tiện lợi, thiết kế 2 lớp chống đọng sương ban đêm bên bờ biển. Trải nghiệm tại Bãi biển Nha Trang, Khánh Hòa thơ mộng. Dịch vụ thuê trọn gói bao gồm cọc neo cát, thảm cách nhiệt và hệ thống chiếu sáng ban đêm.', 300000, 'Bãi biển Nha Trang, Khánh Hòa', 4.4, 267),
(49, 'Lều Glamping Oasis Luxury T-049', 'uploads/tent49.png', 'Lều Glamping cỡ lớn đầy đủ nội thất sang trọng: giường đệm cao su, điều hòa mini di động, bàn trà, view trực diện đón bình minh biển. Trải nghiệm tại Dốc Lết, Nha Trang thơ mộng. Dịch vụ thuê trọn gói bao gồm cọc neo cát, thảm cách nhiệt và hệ thống chiếu sáng ban đêm.', 2290000, 'Dốc Lết, Nha Trang', 4.3, 359),
(50, 'Lều võng cắm trại độc đáo T-050', 'uploads/tent50.png', 'Lều kết hợp võng treo giữa hai rặng dừa sát biển, lớp lưới chống muỗi và bạt che mưa chắn gió lộng gió. Trải nghiệm tại Bãi Dài, Cam Ranh thơ mộng. Dịch vụ thuê trọn gói bao gồm cọc neo cát, thảm cách nhiệt và hệ thống chiếu sáng ban đêm.', 200000, 'Bãi Dài, Cam Ranh', 4.9, 89),
(51, 'Lều cắm trại đơn BeachBasic T-051', 'uploads/tent51.png', 'Lều đơn 1 người gọn nhẹ, chống thấm tốt, thiết kế thông minh tự bung, thích hợp cho dân phượt bụi tự trải nghiệm bãi biển hoang sơ. Trải nghiệm tại Bãi Sao, Phú Quốc thơ mộng. Dịch vụ thuê trọn gói bao gồm cọc neo cát, thảm cách nhiệt và hệ thống chiếu sáng ban đêm.', 150000, 'Bãi Sao, Phú Quốc', 4.8, 33),
(52, 'Lều dã ngoại đôi OceanBreeze T-052', 'uploads/tent52.png', 'Lều đôi 2 người thoáng khí với 2 cửa sổ lưới đón gió biển, khung sợi thủy tinh chắc chắn chống chịu gió cát tốt. Trải nghiệm tại Bãi Khem, Phú Quốc thơ mộng. Dịch vụ thuê trọn gói bao gồm cọc neo cát, thảm cách nhiệt và hệ thống chiếu sáng ban đêm.', 250000, 'Bãi Khem, Phú Quốc', 4.9, 137),
(53, 'Lều mái vòm Dome Deluxe T-053', 'uploads/tent53.png', 'Lều dome 3-4 người hình bán cầu chống bão cát biển, lớp phủ chống tia UV, không gian cắm trại ấm cúng cho nhóm bạn. Trải nghiệm tại Bãi Dài, Phú Quốc thơ mộng. Dịch vụ thuê trọn gói bao gồm cọc neo cát, thảm cách nhiệt và hệ thống chiếu sáng ban đêm.', 440000, 'Bãi Dài, Phú Quốc', 4.7, 21),
(54, 'Lều gia đình Family Outwell T-054', 'uploads/tent54.png', 'Lều lớn 6 người chia làm 2 buồng ngủ riêng biệt và 1 phòng sinh hoạt chung, thích hợp cho kỳ nghỉ cắm trại gia đình bên bờ biển. Trải nghiệm tại Bãi Mỹ Khê, Đà Nẵng thơ mộng. Dịch vụ thuê trọn gói bao gồm cọc neo cát, thảm cách nhiệt và hệ thống chiếu sáng ban đêm.', 760000, 'Bãi Mỹ Khê, Đà Nẵng', 4.5, 318),
(55, 'Lều Glamping Dome Sang Trọng T-055', 'uploads/tent55.png', 'Lều mái vòm Glamping cao cấp đường kính 4m, đầy đủ đệm hơi, quạt máy, đèn lồng vintage và bàn ghế thư giãn ngoài trời. Trải nghiệm tại Bãi Non Nước, Đà Nẵng thơ mộng. Dịch vụ thuê trọn gói bao gồm cọc neo cát, thảm cách nhiệt và hệ thống chiếu sáng ban đêm.', 1140000, 'Bãi Non Nước, Đà Nẵng', 4.9, 114),
(56, 'Lều Safari Glamping Cao Cấp T-056', 'uploads/tent56.png', 'Lều mui trần phong cách Safari châu Phi sang trọng, chất liệu vải canvas cao cấp cách nhiệt, sàn gỗ nâng cao tránh cát ẩm. Trải nghiệm tại Bãi Nam, Bán đảo Sơn Trà thơ mộng. Dịch vụ thuê trọn gói bao gồm cọc neo cát, thảm cách nhiệt và hệ thống chiếu sáng ban đêm.', 1730000, 'Bãi Nam, Bán đảo Sơn Trà', 4.8, 347),
(57, 'Lều dã ngoại chống gió biển T-057', 'uploads/tent57.png', 'Lều chuyên dụng chống gió to sát biển, trang bị cọc ghim thép đúc và dây neo chịu lực tốt, chống mưa rào. Trải nghiệm tại Bãi Trước, Vũng Tàu thơ mộng. Dịch vụ thuê trọn gói bao gồm cọc neo cát, thảm cách nhiệt và hệ thống chiếu sáng ban đêm.', 360000, 'Bãi Trước, Vũng Tàu', 4.4, 107),
(58, 'Lều tự bung thông minh Speedy T-058', 'uploads/tent58.png', 'Lều tự bung chỉ trong 30 giây cực kỳ tiện lợi, thiết kế 2 lớp chống đọng sương ban đêm bên bờ biển. Trải nghiệm tại Bãi Sau, Vũng Tàu thơ mộng. Dịch vụ thuê trọn gói bao gồm cọc neo cát, thảm cách nhiệt và hệ thống chiếu sáng ban đêm.', 310000, 'Bãi Sau, Vũng Tàu', 4.4, 306),
(59, 'Lều Glamping Oasis Luxury T-059', 'uploads/tent59.png', 'Lều Glamping cỡ lớn đầy đủ nội thất sang trọng: giường đệm cao su, điều hòa mini di động, bàn trà, view trực diện đón bình minh biển. Trải nghiệm tại Bãi Dứa, Vũng Tàu thơ mộng. Dịch vụ thuê trọn gói bao gồm cọc neo cát, thảm cách nhiệt và hệ thống chiếu sáng ban đêm.', 2200000, 'Bãi Dứa, Vũng Tàu', 4.5, 115),
(60, 'Lều võng cắm trại độc đáo T-060', 'uploads/tent60.png', 'Lều kết hợp võng treo giữa hai rặng dừa sát biển, lớp lưới chống muỗi và bạt che mưa chắn gió lộng gió. Trải nghiệm tại Bãi Kỳ Co, Quy Nhơn thơ mộng. Dịch vụ thuê trọn gói bao gồm cọc neo cát, thảm cách nhiệt và hệ thống chiếu sáng ban đêm.', 190000, 'Bãi Kỳ Co, Quy Nhơn', 4.8, 153),
(61, 'Lều cắm trại đơn BeachBasic T-061', 'uploads/tent61.png', 'Lều đơn 1 người gọn nhẹ, chống thấm tốt, thiết kế thông minh tự bung, thích hợp cho dân phượt bụi tự trải nghiệm bãi biển hoang sơ. Trải nghiệm tại Bãi Eo Gió, Quy Nhơn thơ mộng. Dịch vụ thuê trọn gói bao gồm cọc neo cát, thảm cách nhiệt và hệ thống chiếu sáng ban đêm.', 150000, 'Bãi Eo Gió, Quy Nhơn', 5, 160),
(62, 'Lều dã ngoại đôi OceanBreeze T-062', 'uploads/tent62.png', 'Lều đôi 2 người thoáng khí với 2 cửa sổ lưới đón gió biển, khung sợi thủy tinh chắc chắn chống chịu gió cát tốt. Trải nghiệm tại Bãi Xép, Quy Nhơn thơ mộng. Dịch vụ thuê trọn gói bao gồm cọc neo cát, thảm cách nhiệt và hệ thống chiếu sáng ban đêm.', 240000, 'Bãi Xép, Quy Nhơn', 4.5, 121),
(63, 'Lều mái vòm Dome Deluxe T-063', 'uploads/tent63.png', 'Lều dome 3-4 người hình bán cầu chống bão cát biển, lớp phủ chống tia UV, không gian cắm trại ấm cúng cho nhóm bạn. Trải nghiệm tại Mũi Né, Phan Thiết thơ mộng. Dịch vụ thuê trọn gói bao gồm cọc neo cát, thảm cách nhiệt và hệ thống chiếu sáng ban đêm.', 430000, 'Mũi Né, Phan Thiết', 5, 184),
(64, 'Lều gia đình Family Outwell T-064', 'uploads/tent64.png', 'Lều lớn 6 người chia làm 2 buồng ngủ riêng biệt và 1 phòng sinh hoạt chung, thích hợp cho kỳ nghỉ cắm trại gia đình bên bờ biển. Trải nghiệm tại Hòn Rơm, Phan Thiết thơ mộng. Dịch vụ thuê trọn gói bao gồm cọc neo cát, thảm cách nhiệt và hệ thống chiếu sáng ban đêm.', 720000, 'Hòn Rơm, Phan Thiết', 4.6, 148),
(65, 'Lều Glamping Dome Sang Trọng T-065', 'uploads/tent65.png', 'Lều mái vòm Glamping cao cấp đường kính 4m, đầy đủ đệm hơi, quạt máy, đèn lồng vintage và bàn ghế thư giãn ngoài trời. Trải nghiệm tại Bãi biển Đồi Dương, Phan Thiết thơ mộng. Dịch vụ thuê trọn gói bao gồm cọc neo cát, thảm cách nhiệt và hệ thống chiếu sáng ban đêm.', 1160000, 'Bãi biển Đồi Dương, Phan Thiết', 4.9, 326),
(66, 'Lều Safari Glamping Cao Cấp T-066', 'uploads/tent66.png', 'Lều mui trần phong cách Safari châu Phi sang trọng, chất liệu vải canvas cao cấp cách nhiệt, sàn gỗ nâng cao tránh cát ẩm. Trải nghiệm tại Bãi Nhát, Côn Đảo thơ mộng. Dịch vụ thuê trọn gói bao gồm cọc neo cát, thảm cách nhiệt và hệ thống chiếu sáng ban đêm.', 1820000, 'Bãi Nhát, Côn Đảo', 4.4, 196),
(67, 'Lều dã ngoại chống gió biển T-067', 'uploads/tent67.png', 'Lều chuyên dụng chống gió to sát biển, trang bị cọc ghim thép đúc và dây neo chịu lực tốt, chống mưa rào. Trải nghiệm tại Bãi Đầm Trầu, Côn Đảo thơ mộng. Dịch vụ thuê trọn gói bao gồm cọc neo cát, thảm cách nhiệt và hệ thống chiếu sáng ban đêm.', 340000, 'Bãi Đầm Trầu, Côn Đảo', 4.7, 159),
(68, 'Lều tự bung thông minh Speedy T-068', 'uploads/tent68.png', 'Lều tự bung chỉ trong 30 giây cực kỳ tiện lợi, thiết kế 2 lớp chống đọng sương ban đêm bên bờ biển. Trải nghiệm tại Bãi Lò Vôi, Côn Đảo thơ mộng. Dịch vụ thuê trọn gói bao gồm cọc neo cát, thảm cách nhiệt và hệ thống chiếu sáng ban đêm.', 310000, 'Bãi Lò Vôi, Côn Đảo', 4.4, 222),
(69, 'Lều Glamping Oasis Luxury T-069', 'uploads/tent69.png', 'Lều Glamping cỡ lớn đầy đủ nội thất sang trọng: giường đệm cao su, điều hòa mini di động, bàn trà, view trực diện đón bình minh biển. Trải nghiệm tại Bãi Cát Cò, Cát Bà thơ mộng. Dịch vụ thuê trọn gói bao gồm cọc neo cát, thảm cách nhiệt và hệ thống chiếu sáng ban đêm.', 2160000, 'Bãi Cát Cò, Cát Bà', 4.9, 74),
(70, 'Lều võng cắm trại độc đáo T-070', 'uploads/tent70.png', 'Lều kết hợp võng treo giữa hai rặng dừa sát biển, lớp lưới chống muỗi và bạt che mưa chắn gió lộng gió. Trải nghiệm tại Bãi Tùng Thu, Cát Bà thơ mộng. Dịch vụ thuê trọn gói bao gồm cọc neo cát, thảm cách nhiệt và hệ thống chiếu sáng ban đêm.', 200000, 'Bãi Tùng Thu, Cát Bà', 4.3, 96),
(71, 'Lều cắm trại đơn BeachBasic T-071', 'uploads/tent71.png', 'Lều đơn 1 người gọn nhẹ, chống thấm tốt, thiết kế thông minh tự bung, thích hợp cho dân phượt bụi tự trải nghiệm bãi biển hoang sơ. Trải nghiệm tại Bãi Hồng Vàn, Cô Tô thơ mộng. Dịch vụ thuê trọn gói bao gồm cọc neo cát, thảm cách nhiệt và hệ thống chiếu sáng ban đêm.', 160000, 'Bãi Hồng Vàn, Cô Tô', 4.6, 35),
(72, 'Lều dã ngoại đôi OceanBreeze T-072', 'uploads/tent72.png', 'Lều đôi 2 người thoáng khí với 2 cửa sổ lưới đón gió biển, khung sợi thủy tinh chắc chắn chống chịu gió cát tốt. Trải nghiệm tại Bãi Vàn Chảy, Cô Tô thơ mộng. Dịch vụ thuê trọn gói bao gồm cọc neo cát, thảm cách nhiệt và hệ thống chiếu sáng ban đêm.', 250000, 'Bãi Vàn Chảy, Cô Tô', 4.4, 45),
(73, 'Lều mái vòm Dome Deluxe T-073', 'uploads/tent73.png', 'Lều dome 3-4 người hình bán cầu chống bão cát biển, lớp phủ chống tia UV, không gian cắm trại ấm cúng cho nhóm bạn. Trải nghiệm tại Bãi biển Nha Trang, Khánh Hòa thơ mộng. Dịch vụ thuê trọn gói bao gồm cọc neo cát, thảm cách nhiệt và hệ thống chiếu sáng ban đêm.', 450000, 'Bãi biển Nha Trang, Khánh Hòa', 4.5, 83),
(74, 'Lều gia đình Family Outwell T-074', 'uploads/tent74.png', 'Lều lớn 6 người chia làm 2 buồng ngủ riêng biệt và 1 phòng sinh hoạt chung, thích hợp cho kỳ nghỉ cắm trại gia đình bên bờ biển. Trải nghiệm tại Dốc Lết, Nha Trang thơ mộng. Dịch vụ thuê trọn gói bao gồm cọc neo cát, thảm cách nhiệt và hệ thống chiếu sáng ban đêm.', 770000, 'Dốc Lết, Nha Trang', 4.6, 66),
(75, 'Lều Glamping Dome Sang Trọng T-075', 'uploads/tent75.png', 'Lều mái vòm Glamping cao cấp đường kính 4m, đầy đủ đệm hơi, quạt máy, đèn lồng vintage và bàn ghế thư giãn ngoài trời. Trải nghiệm tại Bãi Dài, Cam Ranh thơ mộng. Dịch vụ thuê trọn gói bao gồm cọc neo cát, thảm cách nhiệt và hệ thống chiếu sáng ban đêm.', 1200000, 'Bãi Dài, Cam Ranh', 4.8, 277),
(76, 'Lều Safari Glamping Cao Cấp T-076', 'uploads/tent76.png', 'Lều mui trần phong cách Safari châu Phi sang trọng, chất liệu vải canvas cao cấp cách nhiệt, sàn gỗ nâng cao tránh cát ẩm. Trải nghiệm tại Bãi Sao, Phú Quốc thơ mộng. Dịch vụ thuê trọn gói bao gồm cọc neo cát, thảm cách nhiệt và hệ thống chiếu sáng ban đêm.', 1730000, 'Bãi Sao, Phú Quốc', 4.4, 346),
(77, 'Lều dã ngoại chống gió biển T-077', 'uploads/tent77.png', 'Lều chuyên dụng chống gió to sát biển, trang bị cọc ghim thép đúc và dây neo chịu lực tốt, chống mưa rào. Trải nghiệm tại Bãi Khem, Phú Quốc thơ mộng. Dịch vụ thuê trọn gói bao gồm cọc neo cát, thảm cách nhiệt và hệ thống chiếu sáng ban đêm.', 350000, 'Bãi Khem, Phú Quốc', 4.6, 219),
(78, 'Lều tự bung thông minh Speedy T-078', 'uploads/tent78.png', 'Lều tự bung chỉ trong 30 giây cực kỳ tiện lợi, thiết kế 2 lớp chống đọng sương ban đêm bên bờ biển. Trải nghiệm tại Bãi Dài, Phú Quốc thơ mộng. Dịch vụ thuê trọn gói bao gồm cọc neo cát, thảm cách nhiệt và hệ thống chiếu sáng ban đêm.', 300000, 'Bãi Dài, Phú Quốc', 4.8, 285),
(79, 'Lều Glamping Oasis Luxury T-079', 'uploads/tent79.png', 'Lều Glamping cỡ lớn đầy đủ nội thất sang trọng: giường đệm cao su, điều hòa mini di động, bàn trà, view trực diện đón bình minh biển. Trải nghiệm tại Bãi Mỹ Khê, Đà Nẵng thơ mộng. Dịch vụ thuê trọn gói bao gồm cọc neo cát, thảm cách nhiệt và hệ thống chiếu sáng ban đêm.', 2090000, 'Bãi Mỹ Khê, Đà Nẵng', 4.4, 266),
(80, 'Lều võng cắm trại độc đáo T-080', 'uploads/tent80.png', 'Lều kết hợp võng treo giữa hai rặng dừa sát biển, lớp lưới chống muỗi và bạt che mưa chắn gió lộng gió. Trải nghiệm tại Bãi Non Nước, Đà Nẵng thơ mộng. Dịch vụ thuê trọn gói bao gồm cọc neo cát, thảm cách nhiệt và hệ thống chiếu sáng ban đêm.', 210000, 'Bãi Non Nước, Đà Nẵng', 4.9, 343),
(81, 'Lều cắm trại đơn BeachBasic T-081', 'uploads/tent81.png', 'Lều đơn 1 người gọn nhẹ, chống thấm tốt, thiết kế thông minh tự bung, thích hợp cho dân phượt bụi tự trải nghiệm bãi biển hoang sơ. Trải nghiệm tại Bãi Nam, Bán đảo Sơn Trà thơ mộng. Dịch vụ thuê trọn gói bao gồm cọc neo cát, thảm cách nhiệt và hệ thống chiếu sáng ban đêm.', 150000, 'Bãi Nam, Bán đảo Sơn Trà', 4.5, 173),
(82, 'Lều dã ngoại đôi OceanBreeze T-082', 'uploads/tent82.png', 'Lều đôi 2 người thoáng khí với 2 cửa sổ lưới đón gió biển, khung sợi thủy tinh chắc chắn chống chịu gió cát tốt. Trải nghiệm tại Bãi Trước, Vũng Tàu thơ mộng. Dịch vụ thuê trọn gói bao gồm cọc neo cát, thảm cách nhiệt và hệ thống chiếu sáng ban đêm.', 250000, 'Bãi Trước, Vũng Tàu', 4.6, 316),
(83, 'Lều mái vòm Dome Deluxe T-083', 'uploads/tent83.png', 'Lều dome 3-4 người hình bán cầu chống bão cát biển, lớp phủ chống tia UV, không gian cắm trại ấm cúng cho nhóm bạn. Trải nghiệm tại Bãi Sau, Vũng Tàu thơ mộng. Dịch vụ thuê trọn gói bao gồm cọc neo cát, thảm cách nhiệt và hệ thống chiếu sáng ban đêm.', 450000, 'Bãi Sau, Vũng Tàu', 4.4, 181),
(84, 'Lều gia đình Family Outwell T-084', 'uploads/tent84.png', 'Lều lớn 6 người chia làm 2 buồng ngủ riêng biệt và 1 phòng sinh hoạt chung, thích hợp cho kỳ nghỉ cắm trại gia đình bên bờ biển. Trải nghiệm tại Bãi Dứa, Vũng Tàu thơ mộng. Dịch vụ thuê trọn gói bao gồm cọc neo cát, thảm cách nhiệt và hệ thống chiếu sáng ban đêm.', 740000, 'Bãi Dứa, Vũng Tàu', 4.5, 304),
(85, 'Lều Glamping Dome Sang Trọng T-085', 'uploads/tent85.png', 'Lều mái vòm Glamping cao cấp đường kính 4m, đầy đủ đệm hơi, quạt máy, đèn lồng vintage và bàn ghế thư giãn ngoài trời. Trải nghiệm tại Bãi Kỳ Co, Quy Nhơn thơ mộng. Dịch vụ thuê trọn gói bao gồm cọc neo cát, thảm cách nhiệt và hệ thống chiếu sáng ban đêm.', 1220000, 'Bãi Kỳ Co, Quy Nhơn', 4.9, 24),
(86, 'Lều Safari Glamping Cao Cấp T-086', 'uploads/tent86.png', 'Lều mui trần phong cách Safari châu Phi sang trọng, chất liệu vải canvas cao cấp cách nhiệt, sàn gỗ nâng cao tránh cát ẩm. Trải nghiệm tại Bãi Eo Gió, Quy Nhơn thơ mộng. Dịch vụ thuê trọn gói bao gồm cọc neo cát, thảm cách nhiệt và hệ thống chiếu sáng ban đêm.', 1850000, 'Bãi Eo Gió, Quy Nhơn', 4.3, 315),
(87, 'Lều dã ngoại chống gió biển T-087', 'uploads/tent87.png', 'Lều chuyên dụng chống gió to sát biển, trang bị cọc ghim thép đúc và dây neo chịu lực tốt, chống mưa rào. Trải nghiệm tại Bãi Xép, Quy Nhơn thơ mộng. Dịch vụ thuê trọn gói bao gồm cọc neo cát, thảm cách nhiệt và hệ thống chiếu sáng ban đêm.', 360000, 'Bãi Xép, Quy Nhơn', 4.9, 116),
(88, 'Lều tự bung thông minh Speedy T-088', 'uploads/tent88.png', 'Lều tự bung chỉ trong 30 giây cực kỳ tiện lợi, thiết kế 2 lớp chống đọng sương ban đêm bên bờ biển. Trải nghiệm tại Mũi Né, Phan Thiết thơ mộng. Dịch vụ thuê trọn gói bao gồm cọc neo cát, thảm cách nhiệt và hệ thống chiếu sáng ban đêm.', 290000, 'Mũi Né, Phan Thiết', 4.6, 151),
(89, 'Lều Glamping Oasis Luxury T-089', 'uploads/tent89.png', 'Lều Glamping cỡ lớn đầy đủ nội thất sang trọng: giường đệm cao su, điều hòa mini di động, bàn trà, view trực diện đón bình minh biển. Trải nghiệm tại Hòn Rơm, Phan Thiết thơ mộng. Dịch vụ thuê trọn gói bao gồm cọc neo cát, thảm cách nhiệt và hệ thống chiếu sáng ban đêm.', 2270000, 'Hòn Rơm, Phan Thiết', 4.8, 96),
(90, 'Lều võng cắm trại độc đáo T-090', 'uploads/tent90.png', 'Lều kết hợp võng treo giữa hai rặng dừa sát biển, lớp lưới chống muỗi và bạt che mưa chắn gió lộng gió. Trải nghiệm tại Bãi biển Đồi Dương, Phan Thiết thơ mộng. Dịch vụ thuê trọn gói bao gồm cọc neo cát, thảm cách nhiệt và hệ thống chiếu sáng ban đêm.', 210000, 'Bãi biển Đồi Dương, Phan Thiết', 5, 137),
(91, 'Lều cắm trại đơn BeachBasic T-091', 'uploads/tent91.png', 'Lều đơn 1 người gọn nhẹ, chống thấm tốt, thiết kế thông minh tự bung, thích hợp cho dân phượt bụi tự trải nghiệm bãi biển hoang sơ. Trải nghiệm tại Bãi Nhát, Côn Đảo thơ mộng. Dịch vụ thuê trọn gói bao gồm cọc neo cát, thảm cách nhiệt và hệ thống chiếu sáng ban đêm.', 160000, 'Bãi Nhát, Côn Đảo', 4.3, 307),
(92, 'Lều dã ngoại đôi OceanBreeze T-092', 'uploads/tent92.png', 'Lều đôi 2 người thoáng khí với 2 cửa sổ lưới đón gió biển, khung sợi thủy tinh chắc chắn chống chịu gió cát tốt. Trải nghiệm tại Bãi Đầm Trầu, Côn Đảo thơ mộng. Dịch vụ thuê trọn gói bao gồm cọc neo cát, thảm cách nhiệt và hệ thống chiếu sáng ban đêm.', 260000, 'Bãi Đầm Trầu, Côn Đảo', 5, 66),
(93, 'Lều mái vòm Dome Deluxe T-093', 'uploads/tent93.png', 'Lều dome 3-4 người hình bán cầu chống bão cát biển, lớp phủ chống tia UV, không gian cắm trại ấm cúng cho nhóm bạn. Trải nghiệm tại Bãi Lò Vôi, Côn Đảo thơ mộng. Dịch vụ thuê trọn gói bao gồm cọc neo cát, thảm cách nhiệt và hệ thống chiếu sáng ban đêm.', 440000, 'Bãi Lò Vôi, Côn Đảo', 4.3, 135),
(94, 'Lều gia đình Family Outwell T-094', 'uploads/tent94.png', 'Lều lớn 6 người chia làm 2 buồng ngủ riêng biệt và 1 phòng sinh hoạt chung, thích hợp cho kỳ nghỉ cắm trại gia đình bên bờ biển. Trải nghiệm tại Bãi Cát Cò, Cát Bà thơ mộng. Dịch vụ thuê trọn gói bao gồm cọc neo cát, thảm cách nhiệt và hệ thống chiếu sáng ban đêm.', 790000, 'Bãi Cát Cò, Cát Bà', 4.3, 363),
(95, 'Lều Glamping Dome Sang Trọng T-095', 'uploads/tent95.png', 'Lều mái vòm Glamping cao cấp đường kính 4m, đầy đủ đệm hơi, quạt máy, đèn lồng vintage và bàn ghế thư giãn ngoài trời. Trải nghiệm tại Bãi Tùng Thu, Cát Bà thơ mộng. Dịch vụ thuê trọn gói bao gồm cọc neo cát, thảm cách nhiệt và hệ thống chiếu sáng ban đêm.', 1140000, 'Bãi Tùng Thu, Cát Bà', 4.3, 30),
(96, 'Lều Safari Glamping Cao Cấp T-096', 'uploads/tent96.png', 'Lều mui trần phong cách Safari châu Phi sang trọng, chất liệu vải canvas cao cấp cách nhiệt, sàn gỗ nâng cao tránh cát ẩm. Trải nghiệm tại Bãi Hồng Vàn, Cô Tô thơ mộng. Dịch vụ thuê trọn gói bao gồm cọc neo cát, thảm cách nhiệt và hệ thống chiếu sáng ban đêm.', 1870000, 'Bãi Hồng Vàn, Cô Tô', 4.9, 51),
(97, 'Lều dã ngoại chống gió biển T-097', 'uploads/tent97.png', 'Lều chuyên dụng chống gió to sát biển, trang bị cọc ghim thép đúc và dây neo chịu lực tốt, chống mưa rào. Trải nghiệm tại Bãi Vàn Chảy, Cô Tô thơ mộng. Dịch vụ thuê trọn gói bao gồm cọc neo cát, thảm cách nhiệt và hệ thống chiếu sáng ban đêm.', 340000, 'Bãi Vàn Chảy, Cô Tô', 4.4, 37),
(98, 'Lều tự bung thông minh Speedy T-098', 'uploads/tent98.png', 'Lều tự bung chỉ trong 30 giây cực kỳ tiện lợi, thiết kế 2 lớp chống đọng sương ban đêm bên bờ biển. Trải nghiệm tại Bãi biển Nha Trang, Khánh Hòa thơ mộng. Dịch vụ thuê trọn gói bao gồm cọc neo cát, thảm cách nhiệt và hệ thống chiếu sáng ban đêm.', 300000, 'Bãi biển Nha Trang, Khánh Hòa', 4.9, 387),
(99, 'Lều Glamping Oasis Luxury T-099', 'uploads/tent99.png', 'Lều Glamping cỡ lớn đầy đủ nội thất sang trọng: giường đệm cao su, điều hòa mini di động, bàn trà, view trực diện đón bình minh biển. Trải nghiệm tại Dốc Lết, Nha Trang thơ mộng. Dịch vụ thuê trọn gói bao gồm cọc neo cát, thảm cách nhiệt và hệ thống chiếu sáng ban đêm.', 2090000, 'Dốc Lết, Nha Trang', 4.7, 329),
(100, 'Lều võng cắm trại độc đáo T-100', 'uploads/tent100.png', 'Lều kết hợp võng treo giữa hai rặng dừa sát biển, lớp lưới chống muỗi và bạt che mưa chắn gió lộng gió. Trải nghiệm tại Bãi Dài, Cam Ranh thơ mộng. Dịch vụ thuê trọn gói bao gồm cọc neo cát, thảm cách nhiệt và hệ thống chiếu sáng ban đêm.', 200000, 'Bãi Dài, Cam Ranh', 4.7, 231),
(101, 'Lều cắm trại đơn BeachBasic T-101', 'uploads/tent101.png', 'Lều đơn 1 người gọn nhẹ, chống thấm tốt, thiết kế thông minh tự bung, thích hợp cho dân phượt bụi tự trải nghiệm bãi biển hoang sơ. Trải nghiệm tại Bãi Sao, Phú Quốc thơ mộng. Dịch vụ thuê trọn gói bao gồm cọc neo cát, thảm cách nhiệt và hệ thống chiếu sáng ban đêm.', 150000, 'Bãi Sao, Phú Quốc', 4.3, 25),
(102, 'Lều dã ngoại đôi OceanBreeze T-102', 'uploads/tent102.png', 'Lều đôi 2 người thoáng khí với 2 cửa sổ lưới đón gió biển, khung sợi thủy tinh chắc chắn chống chịu gió cát tốt. Trải nghiệm tại Bãi Khem, Phú Quốc thơ mộng. Dịch vụ thuê trọn gói bao gồm cọc neo cát, thảm cách nhiệt và hệ thống chiếu sáng ban đêm.', 260000, 'Bãi Khem, Phú Quốc', 4.4, 39),
(103, 'Lều mái vòm Dome Deluxe T-103', 'uploads/tent103.png', 'Lều dome 3-4 người hình bán cầu chống bão cát biển, lớp phủ chống tia UV, không gian cắm trại ấm cúng cho nhóm bạn. Trải nghiệm tại Bãi Dài, Phú Quốc thơ mộng. Dịch vụ thuê trọn gói bao gồm cọc neo cát, thảm cách nhiệt và hệ thống chiếu sáng ban đêm.', 430000, 'Bãi Dài, Phú Quốc', 4.5, 27),
(104, 'Lều gia đình Family Outwell T-104', 'uploads/tent104.png', 'Lều lớn 6 người chia làm 2 buồng ngủ riêng biệt và 1 phòng sinh hoạt chung, thích hợp cho kỳ nghỉ cắm trại gia đình bên bờ biển. Trải nghiệm tại Bãi Mỹ Khê, Đà Nẵng thơ mộng. Dịch vụ thuê trọn gói bao gồm cọc neo cát, thảm cách nhiệt và hệ thống chiếu sáng ban đêm.', 730000, 'Bãi Mỹ Khê, Đà Nẵng', 4.3, 192),
(105, 'Lều Glamping Dome Sang Trọng T-105', 'uploads/tent105.png', 'Lều mái vòm Glamping cao cấp đường kính 4m, đầy đủ đệm hơi, quạt máy, đèn lồng vintage và bàn ghế thư giãn ngoài trời. Trải nghiệm tại Bãi Non Nước, Đà Nẵng thơ mộng. Dịch vụ thuê trọn gói bao gồm cọc neo cát, thảm cách nhiệt và hệ thống chiếu sáng ban đêm.', 1210000, 'Bãi Non Nước, Đà Nẵng', 4.3, 327),
(106, 'Lều Safari Glamping Cao Cấp T-106', 'uploads/tent106.png', 'Lều mui trần phong cách Safari châu Phi sang trọng, chất liệu vải canvas cao cấp cách nhiệt, sàn gỗ nâng cao tránh cát ẩm. Trải nghiệm tại Bãi Nam, Bán đảo Sơn Trà thơ mộng. Dịch vụ thuê trọn gói bao gồm cọc neo cát, thảm cách nhiệt và hệ thống chiếu sáng ban đêm.', 1870000, 'Bãi Nam, Bán đảo Sơn Trà', 5, 131),
(107, 'Lều dã ngoại chống gió biển T-107', 'uploads/tent107.png', 'Lều chuyên dụng chống gió to sát biển, trang bị cọc ghim thép đúc và dây neo chịu lực tốt, chống mưa rào. Trải nghiệm tại Bãi Trước, Vũng Tàu thơ mộng. Dịch vụ thuê trọn gói bao gồm cọc neo cát, thảm cách nhiệt và hệ thống chiếu sáng ban đêm.', 340000, 'Bãi Trước, Vũng Tàu', 4.4, 327),
(108, 'Lều tự bung thông minh Speedy T-108', 'uploads/tent108.png', 'Lều tự bung chỉ trong 30 giây cực kỳ tiện lợi, thiết kế 2 lớp chống đọng sương ban đêm bên bờ biển. Trải nghiệm tại Bãi Sau, Vũng Tàu thơ mộng. Dịch vụ thuê trọn gói bao gồm cọc neo cát, thảm cách nhiệt và hệ thống chiếu sáng ban đêm.', 290000, 'Bãi Sau, Vũng Tàu', 4.3, 358),
(109, 'Lều Glamping Oasis Luxury T-109', 'uploads/tent109.png', 'Lều Glamping cỡ lớn đầy đủ nội thất sang trọng: giường đệm cao su, điều hòa mini di động, bàn trà, view trực diện đón bình minh biển. Trải nghiệm tại Bãi Dứa, Vũng Tàu thơ mộng. Dịch vụ thuê trọn gói bao gồm cọc neo cát, thảm cách nhiệt và hệ thống chiếu sáng ban đêm.', 2090000, 'Bãi Dứa, Vũng Tàu', 5, 59),
(110, 'Lều võng cắm trại độc đáo T-110', 'uploads/tent110.png', 'Lều kết hợp võng treo giữa hai rặng dừa sát biển, lớp lưới chống muỗi và bạt che mưa chắn gió lộng gió. Trải nghiệm tại Bãi Kỳ Co, Quy Nhơn thơ mộng. Dịch vụ thuê trọn gói bao gồm cọc neo cát, thảm cách nhiệt và hệ thống chiếu sáng ban đêm.', 200000, 'Bãi Kỳ Co, Quy Nhơn', 4.9, 71),
(111, 'Lều cắm trại đơn BeachBasic T-111', 'uploads/tent111.png', 'Lều đơn 1 người gọn nhẹ, chống thấm tốt, thiết kế thông minh tự bung, thích hợp cho dân phượt bụi tự trải nghiệm bãi biển hoang sơ. Trải nghiệm tại Bãi Eo Gió, Quy Nhơn thơ mộng. Dịch vụ thuê trọn gói bao gồm cọc neo cát, thảm cách nhiệt và hệ thống chiếu sáng ban đêm.', 150000, 'Bãi Eo Gió, Quy Nhơn', 4.7, 234),
(112, 'Lều dã ngoại đôi OceanBreeze T-112', 'uploads/tent112.png', 'Lều đôi 2 người thoáng khí với 2 cửa sổ lưới đón gió biển, khung sợi thủy tinh chắc chắn chống chịu gió cát tốt. Trải nghiệm tại Bãi Xép, Quy Nhơn thơ mộng. Dịch vụ thuê trọn gói bao gồm cọc neo cát, thảm cách nhiệt và hệ thống chiếu sáng ban đêm.', 240000, 'Bãi Xép, Quy Nhơn', 4.7, 314),
(113, 'Lều mái vòm Dome Deluxe T-113', 'uploads/tent113.png', 'Lều dome 3-4 người hình bán cầu chống bão cát biển, lớp phủ chống tia UV, không gian cắm trại ấm cúng cho nhóm bạn. Trải nghiệm tại Mũi Né, Phan Thiết thơ mộng. Dịch vụ thuê trọn gói bao gồm cọc neo cát, thảm cách nhiệt và hệ thống chiếu sáng ban đêm.', 440000, 'Mũi Né, Phan Thiết', 4.4, 180),
(114, 'Lều gia đình Family Outwell T-114', 'uploads/tent114.png', 'Lều lớn 6 người chia làm 2 buồng ngủ riêng biệt và 1 phòng sinh hoạt chung, thích hợp cho kỳ nghỉ cắm trại gia đình bên bờ biển. Trải nghiệm tại Hòn Rơm, Phan Thiết thơ mộng. Dịch vụ thuê trọn gói bao gồm cọc neo cát, thảm cách nhiệt và hệ thống chiếu sáng ban đêm.', 740000, 'Hòn Rơm, Phan Thiết', 4.5, 122),
(115, 'Lều Glamping Dome Sang Trọng T-115', 'uploads/tent115.png', 'Lều mái vòm Glamping cao cấp đường kính 4m, đầy đủ đệm hơi, quạt máy, đèn lồng vintage và bàn ghế thư giãn ngoài trời. Trải nghiệm tại Bãi biển Đồi Dương, Phan Thiết thơ mộng. Dịch vụ thuê trọn gói bao gồm cọc neo cát, thảm cách nhiệt và hệ thống chiếu sáng ban đêm.', 1250000, 'Bãi biển Đồi Dương, Phan Thiết', 4.6, 350),
(116, 'Lều Safari Glamping Cao Cấp T-116', 'uploads/tent116.png', 'Lều mui trần phong cách Safari châu Phi sang trọng, chất liệu vải canvas cao cấp cách nhiệt, sàn gỗ nâng cao tránh cát ẩm. Trải nghiệm tại Bãi Nhát, Côn Đảo thơ mộng. Dịch vụ thuê trọn gói bao gồm cọc neo cát, thảm cách nhiệt và hệ thống chiếu sáng ban đêm.', 1710000, 'Bãi Nhát, Côn Đảo', 4.5, 368),
(117, 'Lều dã ngoại chống gió biển T-117', 'uploads/tent117.png', 'Lều chuyên dụng chống gió to sát biển, trang bị cọc ghim thép đúc và dây neo chịu lực tốt, chống mưa rào. Trải nghiệm tại Bãi Đầm Trầu, Côn Đảo thơ mộng. Dịch vụ thuê trọn gói bao gồm cọc neo cát, thảm cách nhiệt và hệ thống chiếu sáng ban đêm.', 370000, 'Bãi Đầm Trầu, Côn Đảo', 4.4, 334),
(118, 'Lều tự bung thông minh Speedy T-118', 'uploads/tent118.png', 'Lều tự bung chỉ trong 30 giây cực kỳ tiện lợi, thiết kế 2 lớp chống đọng sương ban đêm bên bờ biển. Trải nghiệm tại Bãi Lò Vôi, Côn Đảo thơ mộng. Dịch vụ thuê trọn gói bao gồm cọc neo cát, thảm cách nhiệt và hệ thống chiếu sáng ban đêm.', 310000, 'Bãi Lò Vôi, Côn Đảo', 4.9, 170),
(119, 'Lều Glamping Oasis Luxury T-119', 'uploads/tent119.png', 'Lều Glamping cỡ lớn đầy đủ nội thất sang trọng: giường đệm cao su, điều hòa mini di động, bàn trà, view trực diện đón bình minh biển. Trải nghiệm tại Bãi Cát Cò, Cát Bà thơ mộng. Dịch vụ thuê trọn gói bao gồm cọc neo cát, thảm cách nhiệt và hệ thống chiếu sáng ban đêm.', 2200000, 'Bãi Cát Cò, Cát Bà', 4.9, 221),
(120, 'Lều võng cắm trại độc đáo T-120', 'uploads/tent120.png', 'Lều kết hợp võng treo giữa hai rặng dừa sát biển, lớp lưới chống muỗi và bạt che mưa chắn gió lộng gió. Trải nghiệm tại Bãi Tùng Thu, Cát Bà thơ mộng. Dịch vụ thuê trọn gói bao gồm cọc neo cát, thảm cách nhiệt và hệ thống chiếu sáng ban đêm.', 200000, 'Bãi Tùng Thu, Cát Bà', 4.4, 260),
(121, 'Lều cắm trại đơn BeachBasic T-121', 'uploads/tent121.png', 'Lều đơn 1 người gọn nhẹ, chống thấm tốt, thiết kế thông minh tự bung, thích hợp cho dân phượt bụi tự trải nghiệm bãi biển hoang sơ. Trải nghiệm tại Bãi Hồng Vàn, Cô Tô thơ mộng. Dịch vụ thuê trọn gói bao gồm cọc neo cát, thảm cách nhiệt và hệ thống chiếu sáng ban đêm.', 140000, 'Bãi Hồng Vàn, Cô Tô', 4.3, 133),
(122, 'Lều dã ngoại đôi OceanBreeze T-122', 'uploads/tent122.png', 'Lều đôi 2 người thoáng khí với 2 cửa sổ lưới đón gió biển, khung sợi thủy tinh chắc chắn chống chịu gió cát tốt. Trải nghiệm tại Bãi Vàn Chảy, Cô Tô thơ mộng. Dịch vụ thuê trọn gói bao gồm cọc neo cát, thảm cách nhiệt và hệ thống chiếu sáng ban đêm.', 260000, 'Bãi Vàn Chảy, Cô Tô', 4.3, 53),
(123, 'Lều mái vòm Dome Deluxe T-123', 'uploads/tent123.png', 'Lều dome 3-4 người hình bán cầu chống bão cát biển, lớp phủ chống tia UV, không gian cắm trại ấm cúng cho nhóm bạn. Trải nghiệm tại Bãi biển Nha Trang, Khánh Hòa thơ mộng. Dịch vụ thuê trọn gói bao gồm cọc neo cát, thảm cách nhiệt và hệ thống chiếu sáng ban đêm.', 430000, 'Bãi biển Nha Trang, Khánh Hòa', 4.5, 335),
(124, 'Lều gia đình Family Outwell T-124', 'uploads/tent124.png', 'Lều lớn 6 người chia làm 2 buồng ngủ riêng biệt và 1 phòng sinh hoạt chung, thích hợp cho kỳ nghỉ cắm trại gia đình bên bờ biển. Trải nghiệm tại Dốc Lết, Nha Trang thơ mộng. Dịch vụ thuê trọn gói bao gồm cọc neo cát, thảm cách nhiệt và hệ thống chiếu sáng ban đêm.', 730000, 'Dốc Lết, Nha Trang', 4.5, 334),
(125, 'Lều Glamping Dome Sang Trọng T-125', 'uploads/tent125.png', 'Lều mái vòm Glamping cao cấp đường kính 4m, đầy đủ đệm hơi, quạt máy, đèn lồng vintage và bàn ghế thư giãn ngoài trời. Trải nghiệm tại Bãi Dài, Cam Ranh thơ mộng. Dịch vụ thuê trọn gói bao gồm cọc neo cát, thảm cách nhiệt và hệ thống chiếu sáng ban đêm.', 1250000, 'Bãi Dài, Cam Ranh', 5, 61),
(126, 'Lều Safari Glamping Cao Cấp T-126', 'uploads/tent126.png', 'Lều mui trần phong cách Safari châu Phi sang trọng, chất liệu vải canvas cao cấp cách nhiệt, sàn gỗ nâng cao tránh cát ẩm. Trải nghiệm tại Bãi Sao, Phú Quốc thơ mộng. Dịch vụ thuê trọn gói bao gồm cọc neo cát, thảm cách nhiệt và hệ thống chiếu sáng ban đêm.', 1730000, 'Bãi Sao, Phú Quốc', 4.5, 341),
(127, 'Lều dã ngoại chống gió biển T-127', 'uploads/tent127.png', 'Lều chuyên dụng chống gió to sát biển, trang bị cọc ghim thép đúc và dây neo chịu lực tốt, chống mưa rào. Trải nghiệm tại Bãi Khem, Phú Quốc thơ mộng. Dịch vụ thuê trọn gói bao gồm cọc neo cát, thảm cách nhiệt và hệ thống chiếu sáng ban đêm.', 370000, 'Bãi Khem, Phú Quốc', 4.4, 21),
(128, 'Lều tự bung thông minh Speedy T-128', 'uploads/tent128.png', 'Lều tự bung chỉ trong 30 giây cực kỳ tiện lợi, thiết kế 2 lớp chống đọng sương ban đêm bên bờ biển. Trải nghiệm tại Bãi Dài, Phú Quốc thơ mộng. Dịch vụ thuê trọn gói bao gồm cọc neo cát, thảm cách nhiệt và hệ thống chiếu sáng ban đêm.', 300000, 'Bãi Dài, Phú Quốc', 5, 71),
(129, 'Lều Glamping Oasis Luxury T-129', 'uploads/tent129.png', 'Lều Glamping cỡ lớn đầy đủ nội thất sang trọng: giường đệm cao su, điều hòa mini di động, bàn trà, view trực diện đón bình minh biển. Trải nghiệm tại Bãi Mỹ Khê, Đà Nẵng thơ mộng. Dịch vụ thuê trọn gói bao gồm cọc neo cát, thảm cách nhiệt và hệ thống chiếu sáng ban đêm.', 2270000, 'Bãi Mỹ Khê, Đà Nẵng', 4.5, 231),
(130, 'Lều võng cắm trại độc đáo T-130', 'uploads/tent130.png', 'Lều kết hợp võng treo giữa hai rặng dừa sát biển, lớp lưới chống muỗi và bạt che mưa chắn gió lộng gió. Trải nghiệm tại Bãi Non Nước, Đà Nẵng thơ mộng. Dịch vụ thuê trọn gói bao gồm cọc neo cát, thảm cách nhiệt và hệ thống chiếu sáng ban đêm.', 190000, 'Bãi Non Nước, Đà Nẵng', 4.3, 364),
(131, 'Lều cắm trại đơn BeachBasic T-131', 'uploads/tent131.png', 'Lều đơn 1 người gọn nhẹ, chống thấm tốt, thiết kế thông minh tự bung, thích hợp cho dân phượt bụi tự trải nghiệm bãi biển hoang sơ. Trải nghiệm tại Bãi Nam, Bán đảo Sơn Trà thơ mộng. Dịch vụ thuê trọn gói bao gồm cọc neo cát, thảm cách nhiệt và hệ thống chiếu sáng ban đêm.', 150000, 'Bãi Nam, Bán đảo Sơn Trà', 4.5, 87),
(132, 'Lều dã ngoại đôi OceanBreeze T-132', 'uploads/tent132.png', 'Lều đôi 2 người thoáng khí với 2 cửa sổ lưới đón gió biển, khung sợi thủy tinh chắc chắn chống chịu gió cát tốt. Trải nghiệm tại Bãi Trước, Vũng Tàu thơ mộng. Dịch vụ thuê trọn gói bao gồm cọc neo cát, thảm cách nhiệt và hệ thống chiếu sáng ban đêm.', 250000, 'Bãi Trước, Vũng Tàu', 4.5, 141),
(133, 'Lều mái vòm Dome Deluxe T-133', 'uploads/tent133.png', 'Lều dome 3-4 người hình bán cầu chống bão cát biển, lớp phủ chống tia UV, không gian cắm trại ấm cúng cho nhóm bạn. Trải nghiệm tại Bãi Sau, Vũng Tàu thơ mộng. Dịch vụ thuê trọn gói bao gồm cọc neo cát, thảm cách nhiệt và hệ thống chiếu sáng ban đêm.', 460000, 'Bãi Sau, Vũng Tàu', 5, 75),
(134, 'Lều gia đình Family Outwell T-134', 'uploads/tent134.png', 'Lều lớn 6 người chia làm 2 buồng ngủ riêng biệt và 1 phòng sinh hoạt chung, thích hợp cho kỳ nghỉ cắm trại gia đình bên bờ biển. Trải nghiệm tại Bãi Dứa, Vũng Tàu thơ mộng. Dịch vụ thuê trọn gói bao gồm cọc neo cát, thảm cách nhiệt và hệ thống chiếu sáng ban đêm.', 760000, 'Bãi Dứa, Vũng Tàu', 4.3, 369),
(135, 'Lều Glamping Dome Sang Trọng T-135', 'uploads/tent135.png', 'Lều mái vòm Glamping cao cấp đường kính 4m, đầy đủ đệm hơi, quạt máy, đèn lồng vintage và bàn ghế thư giãn ngoài trời. Trải nghiệm tại Bãi Kỳ Co, Quy Nhơn thơ mộng. Dịch vụ thuê trọn gói bao gồm cọc neo cát, thảm cách nhiệt và hệ thống chiếu sáng ban đêm.', 1140000, 'Bãi Kỳ Co, Quy Nhơn', 4.8, 256),
(136, 'Lều Safari Glamping Cao Cấp T-136', 'uploads/tent136.png', 'Lều mui trần phong cách Safari châu Phi sang trọng, chất liệu vải canvas cao cấp cách nhiệt, sàn gỗ nâng cao tránh cát ẩm. Trải nghiệm tại Bãi Eo Gió, Quy Nhơn thơ mộng. Dịch vụ thuê trọn gói bao gồm cọc neo cát, thảm cách nhiệt và hệ thống chiếu sáng ban đêm.', 1710000, 'Bãi Eo Gió, Quy Nhơn', 4.8, 110),
(137, 'Lều dã ngoại chống gió biển T-137', 'uploads/tent137.png', 'Lều chuyên dụng chống gió to sát biển, trang bị cọc ghim thép đúc và dây neo chịu lực tốt, chống mưa rào. Trải nghiệm tại Bãi Xép, Quy Nhơn thơ mộng. Dịch vụ thuê trọn gói bao gồm cọc neo cát, thảm cách nhiệt và hệ thống chiếu sáng ban đêm.', 340000, 'Bãi Xép, Quy Nhơn', 4.5, 291),
(138, 'Lều tự bung thông minh Speedy T-138', 'uploads/tent138.png', 'Lều tự bung chỉ trong 30 giây cực kỳ tiện lợi, thiết kế 2 lớp chống đọng sương ban đêm bên bờ biển. Trải nghiệm tại Mũi Né, Phan Thiết thơ mộng. Dịch vụ thuê trọn gói bao gồm cọc neo cát, thảm cách nhiệt và hệ thống chiếu sáng ban đêm.', 320000, 'Mũi Né, Phan Thiết', 4.9, 278),
(139, 'Lều Glamping Oasis Luxury T-139', 'uploads/tent139.png', 'Lều Glamping cỡ lớn đầy đủ nội thất sang trọng: giường đệm cao su, điều hòa mini di động, bàn trà, view trực diện đón bình minh biển. Trải nghiệm tại Hòn Rơm, Phan Thiết thơ mộng. Dịch vụ thuê trọn gói bao gồm cọc neo cát, thảm cách nhiệt và hệ thống chiếu sáng ban đêm.', 2220000, 'Hòn Rơm, Phan Thiết', 4.4, 275),
(140, 'Lều võng cắm trại độc đáo T-140', 'uploads/tent140.png', 'Lều kết hợp võng treo giữa hai rặng dừa sát biển, lớp lưới chống muỗi và bạt che mưa chắn gió lộng gió. Trải nghiệm tại Bãi biển Đồi Dương, Phan Thiết thơ mộng. Dịch vụ thuê trọn gói bao gồm cọc neo cát, thảm cách nhiệt và hệ thống chiếu sáng ban đêm.', 190000, 'Bãi biển Đồi Dương, Phan Thiết', 4.5, 196);

-- Cấu trúc bảng cho bảng `dukhach`
--

-- --------------------------------------------------------
-- Cấu trúc bảng cho bảng `dukhach`
--
DROP TABLE IF EXISTS `dukhach`;
CREATE TABLE IF NOT EXISTS `dukhach` (
  `id` int(11) NOT NULL AUTO_INCREMENT,
  `name` varchar(255) NOT NULL,
  `image` varchar(255) NOT NULL,
  `email` varchar(255) NOT NULL,
  `phone` varchar(20) NOT NULL,
  `address` varchar(255) DEFAULT NULL,
  `passport` varchar(50) DEFAULT NULL,
  `nationality` varchar(100) NOT NULL DEFAULT 'Việt Nam',
  `gender` varchar(10) NOT NULL DEFAULT 'Nam',
  `birthdate` varchar(20) DEFAULT NULL,
  PRIMARY KEY (`id`)
) ENGINE=InnoDB DEFAULT CHARSET=utf8mb4 COLLATE=utf8mb4_unicode_ci;

-- Thêm dữ liệu cho bảng `dukhach`
INSERT INTO `dukhach` (`id`, `name`, `image`, `email`, `phone`, `address`, `passport`, `nationality`, `gender`, `birthdate`) VALUES
(1, 'Nguyễn Văn Dương', 'uploads/dukhach1.svg', '1@example.com', '0900124169', 'Quận 1, TP. Hồ Chí Minh', 'B0055238', 'Việt Nam', 'Nam', '02/02/1971'),
(2, 'Trần Văn Giang', 'uploads/dukhach2.svg', '2@example.com', '0900124882', 'Quận Hoàn Kiếm, Hà Nội', 'B0056155', 'Việt Nam', 'Nam', '03/03/1972'),
(3, 'Lê Thị Huy', 'uploads/dukhach3.svg', '3@example.com', '0900125595', 'Quận Hải Châu, Đà Nẵng', 'B0057072', 'Việt Nam', 'Nữ', '04/04/1973'),
(4, 'Phạm Thị Minh', 'uploads/dukhach4.svg', '4@example.com', '0900126308', 'Thành phố Nha Trang, Khánh Hòa', 'B0057989', 'Việt Nam', 'Nữ', '05/05/1974'),
(5, 'Hoàng Minh Quân', 'uploads/dukhach5.svg', 'hoangminhquan5@example.com', '0900127021', 'Thành phố Quy Nhơn, Bình Định', 'B0058906', 'Việt Nam', 'Nam', '06/06/1975'),
(6, 'Huỳnh Minh Vinh', 'uploads/dukhach6.svg', 'huynhminhvinh6@example.com', '0900127734', 'Thành phố Vũng Tàu, Bà Rịa - Vũng Tàu', 'B0059823', 'Việt Nam', 'Nam', '07/07/1976'),
(7, 'Phan Đức Anh', 'uploads/dukhach7.svg', '7@example.com', '0900128447', 'Thành phố Đà Lạt, Lâm Đồng', 'B0060740', 'Việt Nam', 'Nam', '08/08/1977'),
(8, 'Vũ Đức Dương', 'uploads/dukhach8.svg', '8@example.com', '0900129160', 'Thành phố Cần Thơ', 'B0061657', 'Việt Nam', 'Nam', '09/09/1978'),
(9, 'Võ Hữu Giang', 'uploads/dukhach9.svg', '9@example.com', '0900129873', 'Thành phố Hạ Long, Quảng Ninh', 'B0062574', 'Việt Nam', 'Nam', '10/10/1979'),
(10, 'John Smith', 'uploads/dukhach10.svg', 'johnsmith10@example.com', '0900130586', 'Quận 1, TP. Hồ Chí Minh', 'B0063491', 'Mỹ', 'Nam', '11/11/1980'),
(11, 'Bùi Hoàng Minh', 'uploads/dukhach11.svg', 'buihoangminh11@example.com', '0900131299', 'Quận Hoàn Kiếm, Hà Nội', 'B0064408', 'Việt Nam', 'Nam', '12/12/1981'),
(12, 'Đỗ Hoàng Quân', 'uploads/dukhach12.svg', '12@example.com', '0900132012', 'Quận Hải Châu, Đà Nẵng', 'B0065325', 'Việt Nam', 'Nam', '13/01/1982'),
(13, 'Hồ Thành Vinh', 'uploads/dukhach13.svg', '13@example.com', '0900132725', 'Thành phố Nha Trang, Khánh Hòa', 'B0066242', 'Việt Nam', 'Nam', '14/02/1983'),
(14, 'Ngô Thành Anh', 'uploads/dukhach14.svg', 'ngothanhanh14@example.com', '0900133438', 'Thành phố Quy Nhơn, Bình Định', 'B0067159', 'Việt Nam', 'Nam', '15/03/1984'),
(15, 'Dương Tuấn Dương', 'uploads/dukhach15.svg', '15@example.com', '0900134151', 'Thành phố Vũng Tàu, Bà Rịa - Vũng Tàu', 'B0068076', 'Việt Nam', 'Nam', '16/04/1985'),
(16, 'Lý Tuấn Giang', 'uploads/dukhach16.svg', '16@example.com', '0900134864', 'Thành phố Đà Lạt, Lâm Đồng', 'B0068993', 'Việt Nam', 'Nam', '17/05/1986'),
(17, 'Nguyễn Ngọc Huy', 'uploads/dukhach17.svg', '17@example.com', '0900135577', 'Thành phố Cần Thơ', 'B0069910', 'Việt Nam', 'Nữ', '18/06/1987'),
(18, 'Trần Ngọc Minh', 'uploads/dukhach18.svg', '18@example.com', '0900136290', 'Thành phố Hạ Long, Quảng Ninh', 'B0070827', 'Việt Nam', 'Nữ', '19/07/1988'),
(19, 'Lê Phương Quân', 'uploads/dukhach19.svg', '19@example.com', '0900137003', 'Quận 1, TP. Hồ Chí Minh', 'B0071744', 'Việt Nam', 'Nữ', '20/08/1989'),
(20, 'Emma Watson', 'uploads/dukhach20.svg', 'emmawatson20@example.com', '0900137716', 'Quận Hoàn Kiếm, Hà Nội', 'B0072661', 'Anh', 'Nữ', '21/09/1990'),
(21, 'Hoàng Khánh Anh', 'uploads/dukhach21.svg', 'hoangkhanhanh21@example.com', '0900138429', 'Quận Hải Châu, Đà Nẵng', 'B0073578', 'Việt Nam', 'Nam', '22/10/1991'),
(22, 'Huỳnh Khánh Dương', 'uploads/dukhach22.svg', '22@example.com', '0900139142', 'Thành phố Nha Trang, Khánh Hòa', 'B0074495', 'Việt Nam', 'Nam', '23/11/1992'),
(23, 'Phan Văn Giang', 'uploads/dukhach23.svg', 'phanvangiang23@example.com', '0900139855', 'Thành phố Quy Nhơn, Bình Định', 'B0075412', 'Việt Nam', 'Nam', '24/12/1993'),
(24, 'Vũ Văn Huy', 'uploads/dukhach24.svg', 'vuvanhuy24@example.com', '0900140568', 'Thành phố Vũng Tàu, Bà Rịa - Vũng Tàu', 'B0076329', 'Việt Nam', 'Nam', '25/01/1994'),
(25, 'Võ Thị Minh', 'uploads/dukhach25.svg', '25@example.com', '0900141281', 'Thành phố Đà Lạt, Lâm Đồng', 'B0077246', 'Việt Nam', 'Nữ', '26/02/1995'),
(26, 'Đặng Thị Quân', 'uploads/dukhach26.svg', '26@example.com', '0900141994', 'Thành phố Cần Thơ', 'B0078163', 'Việt Nam', 'Nữ', '27/03/1996'),
(27, 'Bùi Minh Vinh', 'uploads/dukhach27.svg', 'buiminhvinh27@example.com', '0900142707', 'Thành phố Hạ Long, Quảng Ninh', 'B0079080', 'Việt Nam', 'Nam', '28/04/1997'),
(28, 'Đỗ Minh Anh', 'uploads/dukhach28.svg', '28@example.com', '0900143420', 'Quận 1, TP. Hồ Chí Minh', 'B0079997', 'Việt Nam', 'Nam', '01/05/1998'),
(29, 'Hồ Đức Dương', 'uploads/dukhach29.svg', '29@example.com', '0900144133', 'Quận Hoàn Kiếm, Hà Nội', 'B0080914', 'Việt Nam', 'Nam', '02/06/1999'),
(30, 'Pierre Dubois', 'uploads/dukhach30.svg', 'pierredubois30@example.com', '0900144846', 'Quận Hải Châu, Đà Nẵng', 'B0081831', 'Pháp', 'Nam', '03/07/2000'),
(31, 'Dương Hữu Huy', 'uploads/dukhach31.svg', '31@example.com', '0900145559', 'Thành phố Nha Trang, Khánh Hòa', 'B0082748', 'Việt Nam', 'Nam', '04/08/2001'),
(32, 'Lý Hữu Minh', 'uploads/dukhach32.svg', '32@example.com', '0900146272', 'Thành phố Quy Nhơn, Bình Định', 'B0083665', 'Việt Nam', 'Nam', '05/09/2002'),
(33, 'Nguyễn Hoàng Quân', 'uploads/dukhach33.svg', '33@example.com', '0900146985', 'Thành phố Vũng Tàu, Bà Rịa - Vũng Tàu', 'B0084582', 'Việt Nam', 'Nam', '06/10/2003'),
(34, 'Trần Hoàng Vinh', 'uploads/dukhach34.svg', '34@example.com', '0900147698', 'Thành phố Đà Lạt, Lâm Đồng', 'B0085499', 'Việt Nam', 'Nam', '07/11/2004'),
(35, 'Lê Thành Anh', 'uploads/dukhach35.svg', 'lethanhanh35@example.com', '0900148411', 'Thành phố Cần Thơ', 'B0086416', 'Việt Nam', 'Nam', '08/12/1970'),
(36, 'Phạm Thành Dương', 'uploads/dukhach36.svg', '36@example.com', '0900149124', 'Thành phố Hạ Long, Quảng Ninh', 'B0087333', 'Việt Nam', 'Nam', '09/01/1971'),
(37, 'Hoàng Tuấn Giang', 'uploads/dukhach37.svg', '37@example.com', '0900149837', 'Quận 1, TP. Hồ Chí Minh', 'B0088250', 'Việt Nam', 'Nam', '10/02/1972'),
(38, 'Huỳnh Tuấn Huy', 'uploads/dukhach38.svg', '38@example.com', '0900150550', 'Quận Hoàn Kiếm, Hà Nội', 'B0089167', 'Việt Nam', 'Nam', '11/03/1973'),
(39, 'Phan Ngọc Minh', 'uploads/dukhach39.svg', '39@example.com', '0900151263', 'Quận Hải Châu, Đà Nẵng', 'B0090084', 'Việt Nam', 'Nữ', '12/04/1974'),
(40, 'Yuki Tanaka', 'uploads/dukhach40.svg', 'yukitanaka40@example.com', '0900151976', 'Thành phố Nha Trang, Khánh Hòa', 'B0091001', 'Nhật Bản', 'Nữ', '13/05/1975'),
(41, 'Võ Phương Vinh', 'uploads/dukhach41.svg', '41@example.com', '0900152689', 'Thành phố Quy Nhơn, Bình Định', 'B0091918', 'Việt Nam', 'Nữ', '14/06/1976'),
(42, 'Đặng Phương Anh', 'uploads/dukhach42.svg', '42@example.com', '0900153402', 'Thành phố Vũng Tàu, Bà Rịa - Vũng Tàu', 'B0092835', 'Việt Nam', 'Nữ', '15/07/1977'),
(43, 'Bùi Khánh Dương', 'uploads/dukhach43.svg', '43@example.com', '0900154115', 'Thành phố Đà Lạt, Lâm Đồng', 'B0093752', 'Việt Nam', 'Nam', '16/08/1978'),
(44, 'Đỗ Khánh Giang', 'uploads/dukhach44.svg', '44@example.com', '0900154828', 'Thành phố Cần Thơ', 'B0094669', 'Việt Nam', 'Nam', '17/09/1979'),
(45, 'Hồ Văn Huy', 'uploads/dukhach45.svg', '45@example.com', '0900155541', 'Thành phố Hạ Long, Quảng Ninh', 'B0095586', 'Việt Nam', 'Nam', '18/10/1980'),
(46, 'Ngô Văn Minh', 'uploads/dukhach46.svg', 'ngovanminh46@example.com', '0900156254', 'Quận 1, TP. Hồ Chí Minh', 'B0096503', 'Việt Nam', 'Nam', '19/11/1981'),
(47, 'Dương Thị Quân', 'uploads/dukhach47.svg', '47@example.com', '0900156967', 'Quận Hoàn Kiếm, Hà Nội', 'B0097420', 'Việt Nam', 'Nữ', '20/12/1982'),
(48, 'Lý Thị Vinh', 'uploads/dukhach48.svg', '48@example.com', '0900157680', 'Quận Hải Châu, Đà Nẵng', 'B0098337', 'Việt Nam', 'Nữ', '21/01/1983'),
(49, 'Nguyễn Minh Anh', 'uploads/dukhach49.svg', '49@example.com', '0900158393', 'Thành phố Nha Trang, Khánh Hòa', 'B0099254', 'Việt Nam', 'Nam', '22/02/1984'),
(50, 'Kim Min-jun', 'uploads/dukhach50.svg', 'kimminjun50@example.com', '0900159106', 'Thành phố Quy Nhơn, Bình Định', 'B0100171', 'Hàn Quốc', 'Nam', '23/03/1985'),
(51, 'Lê Đức Giang', 'uploads/dukhach51.svg', '51@example.com', '0900159819', 'Thành phố Vũng Tàu, Bà Rịa - Vũng Tàu', 'B0101088', 'Việt Nam', 'Nam', '24/04/1986'),
(52, 'Phạm Đức Huy', 'uploads/dukhach52.svg', '52@example.com', '0900160532', 'Thành phố Đà Lạt, Lâm Đồng', 'B0102005', 'Việt Nam', 'Nam', '25/05/1987'),
(53, 'Hoàng Hữu Minh', 'uploads/dukhach53.svg', '53@example.com', '0900161245', 'Thành phố Cần Thơ', 'B0102922', 'Việt Nam', 'Nam', '26/06/1988'),
(54, 'Huỳnh Hữu Quân', 'uploads/dukhach54.svg', '54@example.com', '0900161958', 'Thành phố Hạ Long, Quảng Ninh', 'B0103839', 'Việt Nam', 'Nam', '27/07/1989'),
(55, 'Phan Hoàng Vinh', 'uploads/dukhach55.svg', 'phanhoangvinh55@example.com', '0900162671', 'Quận 1, TP. Hồ Chí Minh', 'B0104756', 'Việt Nam', 'Nam', '28/08/1990'),
(56, 'Vũ Hoàng Anh', 'uploads/dukhach56.svg', 'vuhoanganh56@example.com', '0900163384', 'Quận Hoàn Kiếm, Hà Nội', 'B0105673', 'Việt Nam', 'Nam', '01/09/1991'),
(57, 'Võ Thành Dương', 'uploads/dukhach57.svg', '57@example.com', '0900164097', 'Quận Hải Châu, Đà Nẵng', 'B0106590', 'Việt Nam', 'Nam', '02/10/1992'),
(58, 'Đặng Thành Giang', 'uploads/dukhach58.svg', '58@example.com', '0900164810', 'Thành phố Nha Trang, Khánh Hòa', 'B0107507', 'Việt Nam', 'Nam', '03/11/1993'),
(59, 'Bùi Tuấn Huy', 'uploads/dukhach59.svg', '59@example.com', '0900165523', 'Thành phố Quy Nhơn, Bình Định', 'B0108424', 'Việt Nam', 'Nam', '04/12/1994'),
(60, 'Hans Schmidt', 'uploads/dukhach60.svg', 'hansschmidt60@example.com', '0900166236', 'Thành phố Vũng Tàu, Bà Rịa - Vũng Tàu', 'B0109341', 'Đức', 'Nam', '05/01/1995'),
(61, 'Hồ Ngọc Quân', 'uploads/dukhach61.svg', '61@example.com', '0900166949', 'Thành phố Đà Lạt, Lâm Đồng', 'B0110258', 'Việt Nam', 'Nữ', '06/02/1996'),
(62, 'Ngô Ngọc Vinh', 'uploads/dukhach62.svg', '62@example.com', '0900167662', 'Thành phố Cần Thơ', 'B0111175', 'Việt Nam', 'Nữ', '07/03/1997'),
(63, 'Dương Phương Anh', 'uploads/dukhach63.svg', '63@example.com', '0900168375', 'Thành phố Hạ Long, Quảng Ninh', 'B0112092', 'Việt Nam', 'Nữ', '08/04/1998'),
(64, 'Lý Phương Dương', 'uploads/dukhach64.svg', '64@example.com', '0900169088', 'Quận 1, TP. Hồ Chí Minh', 'B0113009', 'Việt Nam', 'Nữ', '09/05/1999'),
(65, 'Nguyễn Khánh Giang', 'uploads/dukhach65.svg', '65@example.com', '0900169801', 'Quận Hoàn Kiếm, Hà Nội', 'B0113926', 'Việt Nam', 'Nam', '10/06/2000'),
(66, 'Trần Khánh Huy', 'uploads/dukhach66.svg', '66@example.com', '0900170514', 'Quận Hải Châu, Đà Nẵng', 'B0114843', 'Việt Nam', 'Nam', '11/07/2001'),
(67, 'Lê Văn Minh', 'uploads/dukhach67.svg', 'levanminh67@example.com', '0900171227', 'Thành phố Nha Trang, Khánh Hòa', 'B0115760', 'Việt Nam', 'Nam', '12/08/2002'),
(68, 'Phạm Văn Quân', 'uploads/dukhach68.svg', '68@example.com', '0900171940', 'Thành phố Quy Nhơn, Bình Định', 'B0116677', 'Việt Nam', 'Nam', '13/09/2003'),
(69, 'Hoàng Thị Vinh', 'uploads/dukhach69.svg', '69@example.com', '0900172653', 'Thành phố Vũng Tàu, Bà Rịa - Vũng Tàu', 'B0117594', 'Việt Nam', 'Nữ', '14/10/2004'),
(70, 'Maria Rossi', 'uploads/dukhach70.svg', 'mariarossi70@example.com', '0900173366', 'Thành phố Đà Lạt, Lâm Đồng', 'B0118511', 'Ý', 'Nữ', '15/11/1970'),
(71, 'Phan Minh Dương', 'uploads/dukhach71.svg', '71@example.com', '0900174079', 'Thành phố Cần Thơ', 'B0119428', 'Việt Nam', 'Nam', '16/12/1971'),
(72, 'Vũ Minh Giang', 'uploads/dukhach72.svg', 'vuminhgiang72@example.com', '0900174792', 'Thành phố Hạ Long, Quảng Ninh', 'B0120345', 'Việt Nam', 'Nam', '17/01/1972'),
(73, 'Võ Đức Huy', 'uploads/dukhach73.svg', '73@example.com', '0900175505', 'Quận 1, TP. Hồ Chí Minh', 'B0121262', 'Việt Nam', 'Nam', '18/02/1973'),
(74, 'Đặng Đức Minh', 'uploads/dukhach74.svg', '74@example.com', '0900176218', 'Quận Hoàn Kiếm, Hà Nội', 'B0122179', 'Việt Nam', 'Nam', '19/03/1974'),
(75, 'Bùi Hữu Quân', 'uploads/dukhach75.svg', '75@example.com', '0900176931', 'Quận Hải Châu, Đà Nẵng', 'B0123096', 'Việt Nam', 'Nam', '20/04/1975'),
(76, 'Đỗ Hữu Vinh', 'uploads/dukhach76.svg', '76@example.com', '0900177644', 'Thành phố Nha Trang, Khánh Hòa', 'B0124013', 'Việt Nam', 'Nam', '21/05/1976'),
(77, 'Hồ Hoàng Anh', 'uploads/dukhach77.svg', '77@example.com', '0900178357', 'Thành phố Quy Nhơn, Bình Định', 'B0124930', 'Việt Nam', 'Nam', '22/06/1977'),
(78, 'Ngô Hoàng Dương', 'uploads/dukhach78.svg', '78@example.com', '0900179070', 'Thành phố Vũng Tàu, Bà Rịa - Vũng Tàu', 'B0125847', 'Việt Nam', 'Nam', '23/07/1978'),
(79, 'Dương Thành Giang', 'uploads/dukhach79.svg', '79@example.com', '0900179783', 'Thành phố Đà Lạt, Lâm Đồng', 'B0126764', 'Việt Nam', 'Nam', '24/08/1979'),
(80, 'David Chen', 'uploads/dukhach80.svg', 'davidchen80@example.com', '0900180496', 'Thành phố Cần Thơ', 'B0127681', 'Trung Quốc', 'Nam', '25/09/1980'),
(81, 'Nguyễn Tuấn Minh', 'uploads/dukhach81.svg', '81@example.com', '0900181209', 'Thành phố Hạ Long, Quảng Ninh', 'B0128598', 'Việt Nam', 'Nam', '26/10/1981'),
(82, 'Trần Tuấn Quân', 'uploads/dukhach82.svg', '82@example.com', '0900181922', 'Quận 1, TP. Hồ Chí Minh', 'B0129515', 'Việt Nam', 'Nam', '27/11/1982'),
(83, 'Lê Ngọc Vinh', 'uploads/dukhach83.svg', '83@example.com', '0900182635', 'Quận Hoàn Kiếm, Hà Nội', 'B0130432', 'Việt Nam', 'Nữ', '28/12/1983'),
(84, 'Phạm Ngọc Anh', 'uploads/dukhach84.svg', '84@example.com', '0900183348', 'Quận Hải Châu, Đà Nẵng', 'B0131349', 'Việt Nam', 'Nữ', '01/01/1984'),
(85, 'Hoàng Phương Dương', 'uploads/dukhach85.svg', '85@example.com', '0900184061', 'Thành phố Nha Trang, Khánh Hòa', 'B0132266', 'Việt Nam', 'Nữ', '02/02/1985'),
(86, 'Huỳnh Phương Giang', 'uploads/dukhach86.svg', '86@example.com', '0900184774', 'Thành phố Quy Nhơn, Bình Định', 'B0133183', 'Việt Nam', 'Nữ', '03/03/1986'),
(87, 'Phan Khánh Huy', 'uploads/dukhach87.svg', 'phankhanhhuy87@example.com', '0900185487', 'Thành phố Vũng Tàu, Bà Rịa - Vũng Tàu', 'B0134100', 'Việt Nam', 'Nam', '04/04/1987'),
(88, 'Vũ Khánh Minh', 'uploads/dukhach88.svg', 'vukhanhminh88@example.com', '0900186200', 'Thành phố Đà Lạt, Lâm Đồng', 'B0135017', 'Việt Nam', 'Nam', '05/05/1988'),
(89, 'Võ Văn Quân', 'uploads/dukhach89.svg', 'vovanquan89@example.com', '0900186913', 'Thành phố Cần Thơ', 'B0135934', 'Việt Nam', 'Nam', '06/06/1989'),
(90, 'Sofia Silva', 'uploads/dukhach90.svg', 'sofiasilva90@example.com', '0900187626', 'Thành phố Hạ Long, Quảng Ninh', 'B0136851', 'Brazil', 'Nữ', '07/07/1990'),
(91, 'Bùi Thị Anh', 'uploads/dukhach91.svg', '91@example.com', '0900188339', 'Quận 1, TP. Hồ Chí Minh', 'B0137768', 'Việt Nam', 'Nữ', '08/08/1991'),
(92, 'Đỗ Thị Dương', 'uploads/dukhach92.svg', '92@example.com', '0900189052', 'Quận Hoàn Kiếm, Hà Nội', 'B0138685', 'Việt Nam', 'Nữ', '09/09/1992'),
(93, 'Hồ Minh Giang', 'uploads/dukhach93.svg', '93@example.com', '0900189765', 'Quận Hải Châu, Đà Nẵng', 'B0139602', 'Việt Nam', 'Nam', '10/10/1993'),
(94, 'Ngô Minh Huy', 'uploads/dukhach94.svg', 'ngominhhuy94@example.com', '0900190478', 'Thành phố Nha Trang, Khánh Hòa', 'B0140519', 'Việt Nam', 'Nam', '11/11/1994'),
(95, 'Dương Đức Minh', 'uploads/dukhach95.svg', '95@example.com', '0900191191', 'Thành phố Quy Nhơn, Bình Định', 'B0141436', 'Việt Nam', 'Nam', '12/12/1995'),
(96, 'Lý Đức Quân', 'uploads/dukhach96.svg', '96@example.com', '0900191904', 'Thành phố Vũng Tàu, Bà Rịa - Vũng Tàu', 'B0142353', 'Việt Nam', 'Nam', '13/01/1996'),
(97, 'Nguyễn Hữu Vinh', 'uploads/dukhach97.svg', '97@example.com', '0900192617', 'Thành phố Đà Lạt, Lâm Đồng', 'B0143270', 'Việt Nam', 'Nam', '14/02/1997'),
(98, 'Trần Hữu Anh', 'uploads/dukhach98.svg', '98@example.com', '0900193330', 'Thành phố Cần Thơ', 'B0144187', 'Việt Nam', 'Nam', '15/03/1998'),
(99, 'Lê Hoàng Dương', 'uploads/dukhach99.svg', '99@example.com', '0900194043', 'Thành phố Hạ Long, Quảng Ninh', 'B0145104', 'Việt Nam', 'Nam', '16/04/1999'),
(100, 'Dmitry Petrov', 'uploads/dukhach100.svg', 'dmitrypetrov100@example.com', '0900194756', 'Quận 1, TP. Hồ Chí Minh', 'B0146021', 'Nga', 'Nam', '17/05/2000'),
(101, 'Hoàng Thành Huy', 'uploads/dukhach101.svg', 'hoangthanhhuy101@example.com', '0900195469', 'Quận Hoàn Kiếm, Hà Nội', 'B0146938', 'Việt Nam', 'Nam', '18/06/2001'),
(102, 'Huỳnh Thành Minh', 'uploads/dukhach102.svg', 'huynhthanhminh102@example.com', '0900196182', 'Quận Hải Châu, Đà Nẵng', 'B0147855', 'Việt Nam', 'Nam', '19/07/2002'),
(103, 'Phan Tuấn Quân', 'uploads/dukhach103.svg', '103@example.com', '0900196895', 'Thành phố Nha Trang, Khánh Hòa', 'B0148772', 'Việt Nam', 'Nam', '20/08/2003'),
(104, 'Vũ Tuấn Vinh', 'uploads/dukhach104.svg', '104@example.com', '0900197608', 'Thành phố Quy Nhơn, Bình Định', 'B0149689', 'Việt Nam', 'Nam', '21/09/2004'),
(105, 'Võ Ngọc Anh', 'uploads/dukhach105.svg', '105@example.com', '0900198321', 'Thành phố Vũng Tàu, Bà Rịa - Vũng Tàu', 'B0150606', 'Việt Nam', 'Nữ', '22/10/1970'),
(106, 'Đặng Ngọc Dương', 'uploads/dukhach106.svg', '106@example.com', '0900199034', 'Thành phố Đà Lạt, Lâm Đồng', 'B0151523', 'Việt Nam', 'Nữ', '23/11/1971'),
(107, 'Bùi Phương Giang', 'uploads/dukhach107.svg', '107@example.com', '0900199747', 'Thành phố Cần Thơ', 'B0152440', 'Việt Nam', 'Nữ', '24/12/1972'),
(108, 'Đỗ Phương Huy', 'uploads/dukhach108.svg', '108@example.com', '0900200460', 'Thành phố Hạ Long, Quảng Ninh', 'B0153357', 'Việt Nam', 'Nữ', '25/01/1973'),
(109, 'Hồ Khánh Minh', 'uploads/dukhach109.svg', '109@example.com', '0900201173', 'Quận 1, TP. Hồ Chí Minh', 'B0154274', 'Việt Nam', 'Nam', '26/02/1974'),
(110, 'John Smith', 'uploads/dukhach110.svg', 'johnsmith110@example.com', '0900201886', 'Quận Hoàn Kiếm, Hà Nội', 'B0155191', 'Mỹ', 'Nam', '27/03/1975'),
(111, 'Dương Văn Vinh', 'uploads/dukhach111.svg', '111@example.com', '0900202599', 'Quận Hải Châu, Đà Nẵng', 'B0156108', 'Việt Nam', 'Nam', '28/04/1976'),
(112, 'Lý Văn Anh', 'uploads/dukhach112.svg', 'lyvananh112@example.com', '0900203312', 'Thành phố Nha Trang, Khánh Hòa', 'B0157025', 'Việt Nam', 'Nam', '01/05/1977'),
(113, 'Nguyễn Thị Dương', 'uploads/dukhach113.svg', '113@example.com', '0900204025', 'Thành phố Quy Nhơn, Bình Định', 'B0157942', 'Việt Nam', 'Nữ', '02/06/1978'),
(114, 'Trần Thị Giang', 'uploads/dukhach114.svg', '114@example.com', '0900204738', 'Thành phố Vũng Tàu, Bà Rịa - Vũng Tàu', 'B0158859', 'Việt Nam', 'Nữ', '03/07/1979'),
(115, 'Lê Minh Huy', 'uploads/dukhach115.svg', 'leminhhuy115@example.com', '0900205451', 'Thành phố Đà Lạt, Lâm Đồng', 'B0159776', 'Việt Nam', 'Nam', '04/08/1980'),
(116, 'Phạm Minh Minh', 'uploads/dukhach116.svg', '116@example.com', '0900206164', 'Thành phố Cần Thơ', 'B0160693', 'Việt Nam', 'Nam', '05/09/1981'),
(117, 'Hoàng Đức Quân', 'uploads/dukhach117.svg', '117@example.com', '0900206877', 'Thành phố Hạ Long, Quảng Ninh', 'B0161610', 'Việt Nam', 'Nam', '06/10/1982'),
(118, 'Huỳnh Đức Vinh', 'uploads/dukhach118.svg', '118@example.com', '0900207590', 'Quận 1, TP. Hồ Chí Minh', 'B0162527', 'Việt Nam', 'Nam', '07/11/1983'),
(119, 'Phan Hữu Anh', 'uploads/dukhach119.svg', '119@example.com', '0900208303', 'Quận Hoàn Kiếm, Hà Nội', 'B0163444', 'Việt Nam', 'Nam', '08/12/1984'),
(120, 'Emma Watson', 'uploads/dukhach120.svg', 'emmawatson120@example.com', '0900209016', 'Quận Hải Châu, Đà Nẵng', 'B0164361', 'Anh', 'Nữ', '09/01/1985'),
(121, 'Võ Hoàng Giang', 'uploads/dukhach121.svg', 'vohoanggiang121@example.com', '0900209729', 'Thành phố Nha Trang, Khánh Hòa', 'B0165278', 'Việt Nam', 'Nam', '10/02/1986'),
(122, 'Đặng Hoàng Huy', 'uploads/dukhach122.svg', '122@example.com', '0900210442', 'Thành phố Quy Nhơn, Bình Định', 'B0166195', 'Việt Nam', 'Nam', '11/03/1987'),
(123, 'Bùi Thành Minh', 'uploads/dukhach123.svg', 'buithanhminh123@example.com', '0900211155', 'Thành phố Vũng Tàu, Bà Rịa - Vũng Tàu', 'B0167112', 'Việt Nam', 'Nam', '12/04/1988'),
(124, 'Đỗ Thành Quân', 'uploads/dukhach124.svg', '124@example.com', '0900211868', 'Thành phố Đà Lạt, Lâm Đồng', 'B0168029', 'Việt Nam', 'Nam', '13/05/1989'),
(125, 'Hồ Tuấn Vinh', 'uploads/dukhach125.svg', '125@example.com', '0900212581', 'Thành phố Cần Thơ', 'B0168946', 'Việt Nam', 'Nam', '14/06/1990'),
(126, 'Ngô Tuấn Anh', 'uploads/dukhach126.svg', '126@example.com', '0900213294', 'Thành phố Hạ Long, Quảng Ninh', 'B0169863', 'Việt Nam', 'Nam', '15/07/1991'),
(127, 'Dương Ngọc Dương', 'uploads/dukhach127.svg', '127@example.com', '0900214007', 'Quận 1, TP. Hồ Chí Minh', 'B0170780', 'Việt Nam', 'Nữ', '16/08/1992'),
(128, 'Lý Ngọc Giang', 'uploads/dukhach128.svg', '128@example.com', '0900214720', 'Quận Hoàn Kiếm, Hà Nội', 'B0171697', 'Việt Nam', 'Nữ', '17/09/1993'),
(129, 'Nguyễn Phương Huy', 'uploads/dukhach129.svg', '129@example.com', '0900215433', 'Quận Hải Châu, Đà Nẵng', 'B0172614', 'Việt Nam', 'Nữ', '18/10/1994'),
(130, 'Pierre Dubois', 'uploads/dukhach130.svg', 'pierredubois130@example.com', '0900216146', 'Thành phố Nha Trang, Khánh Hòa', 'B0173531', 'Pháp', 'Nam', '19/11/1995'),
(131, 'Lê Khánh Quân', 'uploads/dukhach131.svg', 'lekhanhquan131@example.com', '0900216859', 'Thành phố Quy Nhơn, Bình Định', 'B0174448', 'Việt Nam', 'Nam', '20/12/1996'),
(132, 'Phạm Khánh Vinh', 'uploads/dukhach132.svg', '132@example.com', '0900217572', 'Thành phố Vũng Tàu, Bà Rịa - Vũng Tàu', 'B0175365', 'Việt Nam', 'Nam', '21/01/1997'),
(133, 'Hoàng Văn Anh', 'uploads/dukhach133.svg', 'hoangvananh133@example.com', '0900218285', 'Thành phố Đà Lạt, Lâm Đồng', 'B0176282', 'Việt Nam', 'Nam', '22/02/1998'),
(134, 'Huỳnh Văn Dương', 'uploads/dukhach134.svg', '134@example.com', '0900218998', 'Thành phố Cần Thơ', 'B0177199', 'Việt Nam', 'Nam', '23/03/1999'),
(135, 'Phan Thị Giang', 'uploads/dukhach135.svg', '135@example.com', '0900219711', 'Thành phố Hạ Long, Quảng Ninh', 'B0178116', 'Việt Nam', 'Nữ', '24/04/2000'),
(136, 'Vũ Thị Huy', 'uploads/dukhach136.svg', '136@example.com', '0900220424', 'Quận 1, TP. Hồ Chí Minh', 'B0179033', 'Việt Nam', 'Nữ', '25/05/2001'),
(137, 'Võ Minh Minh', 'uploads/dukhach137.svg', 'vominhminh137@example.com', '0900221137', 'Quận Hoàn Kiếm, Hà Nội', 'B0179950', 'Việt Nam', 'Nam', '26/06/2002'),
(138, 'Đặng Minh Quân', 'uploads/dukhach138.svg', '138@example.com', '0900221850', 'Quận Hải Châu, Đà Nẵng', 'B0180867', 'Việt Nam', 'Nam', '27/07/2003'),
(139, 'Bùi Đức Vinh', 'uploads/dukhach139.svg', '139@example.com', '0900222563', 'Thành phố Nha Trang, Khánh Hòa', 'B0181784', 'Việt Nam', 'Nam', '28/08/2004'),
(140, 'Yuki Tanaka', 'uploads/dukhach140.svg', 'yukitanaka140@example.com', '0900223276', 'Thành phố Quy Nhơn, Bình Định', 'B0182701', 'Nhật Bản', 'Nữ', '01/09/1970');

-- ==========================================
-- BẢNG TOUR ƯU ĐÃI GIÁ TỐT
-- ==========================================
DROP TABLE IF EXISTS `touruudai`;
CREATE TABLE `touruudai` (
  `id` int(11) NOT NULL AUTO_INCREMENT,
  `name` varchar(255) NOT NULL,
  `image` varchar(255) NOT NULL,
  `discount` varchar(20) NOT NULL,
  `transport` varchar(100) NOT NULL,
  `departure` varchar(100) NOT NULL,
  `duration` varchar(100) NOT NULL,
  `price` double NOT NULL DEFAULT 0,
  `price_sale` double NOT NULL DEFAULT 0,
  `rating` float NOT NULL DEFAULT 5,
  `views` int(11) NOT NULL DEFAULT 0,
  PRIMARY KEY (`id`)
) ENGINE=InnoDB DEFAULT CHARSET=utf8mb4 COLLATE=utf8mb4_unicode_ci;

INSERT INTO `touruudai` (`name`, `image`, `discount`, `transport`, `departure`, `duration`, `price`, `price_sale`, `rating`, `views`) VALUES
('Tour Hà Khẩu - Đại Lý - Lệ Giang - Côn Minh 6 Ngày 5 Đêm', 'uploads/uudai1.png', '-15%', 'bus', 'Thứ 3 hàng tuần', '5 ngày 5 đêm', 11750000, 9990000, 5, 245),
('Tour Thượng Hải - Hàng Châu - Ô Trấn 5N4Đ Cao Cấp', 'uploads/uudai2.png', '-20%', 'bus, plane', 'Linh hoạt', '5 ngày 4 đêm', 23990000, 19290000, 4.8, 412),
('Tour Tây An Trung Quốc 5 ngày 4 đêm No Shopping', 'uploads/uudai3.png', '-13%', 'bus, plane', 'Linh hoạt', '5 ngày 4 đêm', 20990000, 18290000, 4.9, 189),
('Tour Hà Nội - Hà Khẩu - Đại Lý - Côn Minh 5N4Đ Khởi Hành Hàng Tuần', 'uploads/uudai4.png', '-13%', 'bus', 'Thứ 4 hàng tuần', '5 ngày 4 đêm', 8290000, 7190000, 4.7, 322),
('Tour Hà Khẩu - Côn Minh 4N4Đ Trượt tuyết & Khám phá núi tuyết', 'uploads/uudai5.png', '-13%', 'bus', 'Thứ 4 hàng tuần', '4 ngày 4 đêm', 7790000, 6790000, 5, 540),
('Tour Hà Nội - Thái Bình Cổ Trấn - Nam Ninh 3N2Đ Trọn Gói', 'uploads/uudai6.png', '-17%', 'bus', 'Linh hoạt', '3 ngày 2 đêm', 5190000, 4290000, 4.6, 295),
('Tour Bình Biên - Kiến Thủy - Khai Viễn - Mông Tự 3 ngày 3 đêm', 'uploads/uudai7.png', '-21%', 'bus', 'Thứ 5 hàng tuần', '3 ngày 3 đêm', 4290000, 3390000, 4.8, 173),
('Tour Bắc Kinh - Tô Châu - Hàng Châu - Thượng Hải 7N6Đ', 'uploads/uudai8.png', '-10%', 'bus, plane', 'Linh hoạt', '7 ngày 6 đêm', 24450000, 21990000, 5, 682),
('Tour khám phá Tràng An - Ninh Bình - Bái Đính 2N1Đ', 'uploads/uudai9.png', '-15%', 'bus', 'Hàng ngày', '2 ngày 1 đêm', 2500000, 2125000, 4.9, 310),
('Tour nghỉ dưỡng Quy Nhơn - Kỳ Co - Eo Gió 3N2Đ', 'uploads/uudai10.png', '-18%', 'bus, plane', 'Thứ 5 hàng tuần', '3 ngày 2 đêm', 4850000, 3977000, 4.7, 245),
('Tour thám hiểm Động Phong Nha - Kẻ Bàng 3N3Đ', 'uploads/uudai11.png', '-12%', 'bus', 'Linh hoạt', '3 ngày 3 đêm', 3600000, 3168000, 4.8, 195),
('Tour cố đô Huế - Lăng tẩm - Chùa Thiên Mụ 1 ngày', 'uploads/uudai12.png', '-10%', 'bus', 'Hàng ngày', '1 ngày', 850000, 765000, 4.5, 154);
